loop_id,status,preserved,candidate_commit,parent_commit,baseline_commit,artifact,correctness_recorded,level1_decision,level1_forward_backward_improvement_pct,level2_baseline_median_tps,level2_candidate_median_tps,level2_improvement_pct,trainer_evaluated,quality_evaluated,statistically_confirmed,next
attempt-00005-level1,invalid_harness,true,,,,runs/kda-cuda-development/attempts/attempt-00005-level1,false,,,,,,,,,
attempt-00005-level1-rerun-001,development_accepted,true,c5b36f8dc0018f28d242ad1a656625b7aa94cb7b,,613b0759d3b954cae984274b267a83a5c4ac46ff,runs/kda-cuda-development/attempts/attempt-00005-level1-rerun-001,false,advance,39.944036,,,,,false,,
attempt-00006-level1,development_rejected,true,1ec0bc4889c1982dc2d415df98859e2a8b5433d0,,c5b36f8dc0018f28d242ad1a656625b7aa94cb7b,runs/kda-cuda-development/attempts/attempt-00006-level1,false,do_not_advance,-3.841325,,,,,false,,
attempt-00007-level1,development_accepted,true,90e87cf86723d19dd26906f3ede567c7ba1c2268,,c5b36f8dc0018f28d242ad1a656625b7aa94cb7b,runs/kda-cuda-development/attempts/attempt-00007-level1,false,advance,7.007656,,,,,false,,
attempt-00008-level1,development_rejected,true,610cb318695badc7003db96c61bc62eec687a648,,c5b36f8dc0018f28d242ad1a656625b7aa94cb7b,runs/kda-cuda-development/attempts/attempt-00008-level1,false,do_not_advance,6.421308,,,,,false,,
attempt-00009-level1,development_rejected,true,897c84310e507d33c791cbb48bf56ff011f85b51,,90e87cf86723d19dd26906f3ede567c7ba1c2268,runs/kda-cuda-development/attempts/attempt-00009-level1,false,do_not_advance,2.896216,,,,,false,,
attempt-00010-level1,development_rejected,true,b393ea49179076545eb19fff02612cf2053d7e57,,90e87cf86723d19dd26906f3ede567c7ba1c2268,runs/kda-cuda-development/attempts/attempt-00010-level1,false,do_not_advance,1.620245,,,,,false,,
attempt-00011-level1,development_accepted,true,fe0411f3685378ce51bb084a2741998cd418250f,,90e87cf86723d19dd26906f3ede567c7ba1c2268,runs/kda-cuda-development/attempts/attempt-00011-level1,false,advance,4.604782,,,,,false,,
attempt-00012-level1,development_rejected,true,eb17ed6a7daf57f2bfbafc81bdf16e55740cda4a,,fe0411f3685378ce51bb084a2741998cd418250f,runs/kda-cuda-development/attempts/attempt-00012-level1,false,do_not_advance,2.914824,,,,,false,,
attempt-00013-level1,development_accepted,true,69a5ee68eaecdd8e9016db1c7b4523fd46a6613b,,fe0411f3685378ce51bb084a2741998cd418250f,runs/kda-cuda-development/attempts/attempt-00013-level1,false,advance,3.062775,,,,,false,,
attempt-00014-level1,development_accepted,true,2485f177abda8d79fc59a99cf2efef8033700b3b,,69a5ee68eaecdd8e9016db1c7b4523fd46a6613b,runs/kda-cuda-development/attempts/attempt-00014-level1,false,advance,15.197294,,,,,false,,
attempt-00015-level1,development_accepted,true,886712adddccd5eeaa3013770958af38d68f15fa,,2485f177abda8d79fc59a99cf2efef8033700b3b,runs/kda-cuda-development/attempts/attempt-00015-level1,false,advance,36.374278,,,,,false,,
attempt-00016-level1,confirmation_compatibility_fix,true,5ce9e1924821375238879d181c696f58cbb17786,,886712adddccd5eeaa3013770958af38d68f15fa,runs/kda-cuda-development/attempts/attempt-00016-level1,false,,,,,,,false,,
confirmation-00001-row-parallel-boundary,development_confirmation_passed,true,5ce9e1924821375238879d181c696f58cbb17786,,2485f177abda8d79fc59a99cf2efef8033700b3b,runs/kda-cuda-development/confirmations/confirmation-00001-row-parallel-boundary,false,,,,,,,false,,
attempt-00017-level1,development_rejected,true,a460dfdd7af39ce2d99e7b2d9c2c4a936f2aeb8f,,5ce9e1924821375238879d181c696f58cbb17786,runs/kda-cuda-development/attempts/attempt-00017-level1,false,do_not_advance,73.388122,,,,,false,,
attempt-00018-level1,development_accepted,true,83e994118a5b5d983c4652f909086a8888401fa4,,5ce9e1924821375238879d181c696f58cbb17786,runs/kda-cuda-development/attempts/attempt-00018-level1,false,advance,73.329960,,,,,false,,
attempt-00019-level1,development_accepted,true,6c847515733078fc6485e10713f981dfa20a5ffd,,83e994118a5b5d983c4652f909086a8888401fa4,runs/kda-cuda-development/attempts/attempt-00019-level1,false,advance,18.235968,,,,,false,,
attempt-00020-level1,development_rejected,true,547ce9c4daf47b066ddb0841a347bcdc25bf4b23,,6c847515733078fc6485e10713f981dfa20a5ffd,runs/kda-cuda-development/attempts/attempt-00020-level1,false,do_not_advance,,,,,,false,,
attempt-00021-level1,development_rejected,true,9eb2ada273e38159d6a3f55954fb9f1e71c64aa2,,6c847515733078fc6485e10713f981dfa20a5ffd,runs/kda-cuda-development/attempts/attempt-00021-level1,false,do_not_advance,,,,,,false,,
confirmation-00002-tiled-reverse-boundary,development_confirmation_passed,true,6c847515733078fc6485e10713f981dfa20a5ffd,,5ce9e1924821375238879d181c696f58cbb17786,runs/kda-cuda-development/confirmations/confirmation-00002-tiled-reverse-boundary,false,,,,,,,false,,
attempt-00022-level1,development_rejected,true,acffe2f4cfb2fa6f7d6dc1a085f4006d0ad470b3,,6c847515733078fc6485e10713f981dfa20a5ffd,runs/kda-cuda-development/attempts/attempt-00022-level1,false,do_not_advance,,,,,,false,,
reference-fla-triton-001,reference_benchmark_complete,true,,,,runs/kda-cuda-development/reference-benchmarks/fla-triton-001,false,,,,,,,false,,
attempt-00023-convolution-microgate-invalid-001,invalid_software,true,efd41da1e94cf5b1c7b3194231add04e73ba90a7,,,runs/kda-cuda-development/attempts/attempt-00023-convolution-microgate,false,,,,,,,,,
attempt-00023-convolution-bounded-dependencies,development_accepted,true,efd41da1e94cf5b1c7b3194231add04e73ba90a7,,6c847515733078fc6485e10713f981dfa20a5ffd,runs/kda-cuda-development/attempts/attempt-00023-level1-kda-not-applicable,false,,,,,48.953235,,false,,
attempt-00024-convolution-factor-dpre,development_accepted,true,2a0a08e254e3af81a57b4ee472aea4d8e8b76a56,,efd41da1e94cf5b1c7b3194231add04e73ba90a7,runs/kda-cuda-development/attempts/attempt-00024-level1-kda-not-applicable,false,,,,,18.392482,,false,,
validation-00001-convolution-boundary,development_validation_passed,true,2a0a08e254e3af81a57b4ee472aea4d8e8b76a56,,,runs/kda-cuda-development/validations/validation-00001-convolution-boundary,false,,,,,,,false,,
attempt-00025-fp32-c64-wy-forward,equation_milestone_performance_rejected,true,a34661d8fd6e85d8ec2275f44aba71a32f26dece,,2a0a08e254e3af81a57b4ee472aea4d8e8b76a56,runs/kda-cuda-development/attempts/attempt-00025-level1,true,do_not_advance,,,,,,false,,replace only the FP32 forward scan implementation while retaining validated equations
attempt-00026-fp32-c64-bmm-scan,development_accepted,true,fb89c260541db40662bc79929d8391081ed5fc5e,,2a0a08e254e3af81a57b4ee472aea4d8e8b76a56,runs/kda-cuda-development/attempts/attempt-00026-level1,true,advance,19.502637,,,14.444788,,false,false,begin C64 backward chunk-boundary recomputation and complete WY/UT VJP; evaluate the independent WMMA scan only through normal gates
attempt-00027-bf16-wmma-c64-scan,development_valid_not_selected,true,f73a68a9efcbbb7e4de4ea7cdf23801b58d35378,,2a0a08e254e3af81a57b4ee472aea4d8e8b76a56,runs/kda-cuda-development/attempts/attempt-00027-level1,true,advance,20.793683,,,14.937855,,false,false,retain exact branch and evidence but use FP32 BMM attempt 26 for the backward transition because the normal forward-only gate did not improve and the small cross-pair whole-step delta is unconfirmed
attempt-00028-chunk-boundary-recompute,development_accepted,true,30a13734f22e0639f9d9aa05417a4ac69dfe62f1,,fb89c260541db40662bc79929d8391081ed5fc5e,runs/kda-cuda-development/attempts/attempt-00028-level1,true,advance,8.276274,,,6.965007,,false,false,use this accepted development baseline to implement the complete C64 WY/UT VJP
validation-00002-boundary-recompute-clean-worktree-invalid,invalid_preflight,true,30a13734f22e0639f9d9aa05417a4ac69dfe62f1,,,runs/kda-cuda-development/validations/validation-00002-boundary-recompute,false,,,,,,,,,
validation-00003-boundary-recompute,development_validation_passed,true,30a13734f22e0639f9d9aa05417a4ac69dfe62f1,,,runs/kda-cuda-development/validations/validation-00003-boundary-recompute,false,,,,,,,false,,
attempt-00029-complete-c64-wy-ut-vjp,equation_milestone_performance_rejected,true,b54d72e6f36397c49772770fa336b2899e2f32ef,,30a13734f22e0639f9d9aa05417a4ac69dfe62f1,runs/kda-cuda-development/diagnostics/attempt-00029-wy-vjp-draft,true,,,,,,,false,false,
attempt-00030-batched-c64-wy-ut-vjp,speed_milestone_memory_rejected,true,14d8c8d4532302fa2a792d2b7b17743cbe8e4d59,,30a13734f22e0639f9d9aa05417a4ac69dfe62f1,runs/kda-cuda-development/attempts/attempt-00030-level1,true,do_not_advance,19.433574,,,,,false,false,reduce full-sequence intermediate lifetimes and materialize VJP products in bounded groups before reconsidering Level 2
attempt-00031-wy-vjp-lifetimes,memory_reduction_milestone_not_advanced,true,e7e597b3c55df7873fb3d7d7b015b7c3e273774c,,30a13734f22e0639f9d9aa05417a4ac69dfe62f1,runs/kda-cuda-development/attempts/attempt-00031-level1,true,do_not_advance,19.597709,,,,,false,false,replace full-sequence H/Z/dstate-adjoint coexistence with end-to-end bounded group recomputation and consumption
attempt-00032-four-chunk-grouped-vjp,grouped_scaffold_not_advanced,true,941330842689a04a07dca14c6e2ce02686099337,,30a13734f22e0639f9d9aa05417a4ac69dfe62f1,runs/kda-cuda-development/attempts/attempt-00032-level1,true,do_not_advance,0.211691,,,,,false,false,"eliminate full U/W/R/E and global output-adjoint scratch, then increase group width to amortize packing"
attempt-00033-eight-chunk-local-final-vjp,exact_local_history_scaffold_performance_rejected,true,470a64eea53170e1a55ffc92875462ddc3602f68,,30a13734f22e0639f9d9aa05417a4ac69dfe62f1,runs/kda-cuda-development/attempt-00033-local-final-level1,true,do_not_advance,-52.103247,,,,,false,false,profile the exact production specialization and remove recomputation or launch overhead without restoring global history; accepted baseline remains attempt 28
attempt-00034-local-raw-gate-gradient,development_accepted,true,c46ac8d5aefdca82cd4fa2b38ecf8570f8cc1b13,,30a13734f22e0639f9d9aa05417a4ac69dfe62f1,runs/kda-cuda-development/attempt-00034-local-raw-gradient-level1,true,advance,26.056035,,,19.756820,,false,false,profile the accepted candidate and optimize the remaining pair VJP and BMM/dispatch structure toward 45k
attempt-00035-parallel-exact-parameter-reduction,bitwise_speed_milestone_retest_uncertain,true,6812002afd62848b5278dfbfb4465b3939b89f29,,c46ac8d5aefdca82cd4fa2b38ecf8570f8cc1b13,runs/kda-cuda-development/attempt-00035-parallel-params-level1,true,do_not_advance,21.688555,,,,,false,false,"use as an optimization parent for the pair VJP, but keep attempt 34 accepted until a later candidate clears the full gate without relying on a retest"
attempt-00036-row-parallel-pair-vjp,development_accepted,true,bb29a36f502cc8f11880c5391267657d06a3ba4a,,c46ac8d5aefdca82cd4fa2b38ecf8570f8cc1b13,runs/kda-cuda-development/attempt-00036-row-parallel-level1,true,advance,19.145584,,,14.851225,,false,false,profile the accepted row-parallel candidate and optimize the largest remaining exact backward or dispatch bottleneck toward 45k
attempt-00037-eight-row-pair-vjp,exact_scheduling_rejected,true,22f9e321240da49eb0614250b8ccd848087aac54,,bb29a36f502cc8f11880c5391267657d06a3ba4a,runs/kda-cuda-development/attempt-00037-eight-row-level1,true,do_not_advance,-25.122664,,,,,false,false,retain row-per-block scheduling and parallelize the serial beta-gradient tail instead
attempt-00038-parallel-exact-beta-gradient,development_accepted,true,315cb4a19ac6cf94f815da7c1afd1f20caf15fe6,,bb29a36f502cc8f11880c5391267657d06a3ba4a,runs/kda-cuda-development/attempt-00038-parallel-beta-level1,true,advance,18.244358,,,10.151018,,false,false,"profile and reduce remaining pair VJP, parameter, and M/A construction costs toward 45k"
attempt-00039-cache-pair-ratios,exact_cache_intervention_rejected,true,63752a3722454bdfbd613ba40be79dccf5894b2d,,315cb4a19ac6cf94f815da7c1afd1f20caf15fe6,runs/kda-cuda-development/attempt-00039-cache-ratios-level1,true,do_not_advance,-0.828374,,,,,false,false,do not sweep shared ratio caching; accepted baseline remains attempt 38
attempt-00040-direct-parameter-reduction,exact_parameter_intervention_rejected,true,c854eee0c751a9a2931b06fe9695895e6f21b8ae,,315cb4a19ac6cf94f815da7c1afd1f20caf15fe6,runs/kda-cuda-development/attempt-00040-direct-params-level1,true,do_not_advance,-30.708483,,,,,false,false,retain coalesced shared staging; do not pursue direct lane-zero loads
attempt-00041-ma-builder-128-thread,exact_launch_shape_rejected,true,26fb81c1692f12feef1fc5a60b52daa65335aa1d,,315cb4a19ac6cf94f815da7c1afd1f20caf15fe6,runs/kda-cuda-development/attempt-00041-ma128-level1,true,do_not_advance,-1.336583,,,,,false,false,stop exact launch-shape sweeps; next credible strategy is a matched algebraic M/A construction redesign
attempt-00042-stable-tiled-bmm-ma,tolerance_correct_strategy_boundary_near_miss,true,332e0be865b67937d6d9231c4e4dd5495fb42e52,,315cb4a19ac6cf94f815da7c1afd1f20caf15fe6,runs/kda-cuda-development/attempt-00042-ma-tiled-bmm-level1,true,do_not_advance,2.587268,,,,,false,false,fuse duplicate target transforms and compare the cumulative candidate directly with attempt 38
attempt-00043-fused-stable-ma-transforms,development_accepted,true,223e58634c6e03ef3cb4cc34960fc7be7c526af3,,315cb4a19ac6cf94f815da7c1afd1f20caf15fe6,runs/kda-cuda-development/attempt-00043-ma-fused-transform-level1,true,advance,3.899538,,,2.031394,,false,false,"profile shows fused transform storage pressure; split target and right transforms without duplicating target exponent, then continue toward 45k"
attempt-00044-split-target-right-transforms,exact_transform-intervention_rejected,true,a3423e8ac84b84c5c698bb50ace7adcfd4d3a979,,223e58634c6e03ef3cb4cc34960fc7be7c526af3,runs/kda-cuda-development/attempt-00044-ma-split-target-right-level1,true,do_not_advance,-0.848590,,,,,false,false,retain fused attempt 43 transform; optimize the dominant parameter and pair VJP kernels
attempt-00045-key-major-parameter-reduction,development_accepted,true,f0a0c0aaf9e8c1a98f14d2d47af5859e24fad3ed,,223e58634c6e03ef3cb4cc34960fc7be7c526af3,runs/kda-cuda-development/attempt-00045-key-major-params-level1,true,advance,7.426710,,,4.244413,,false,false,"profile the accepted key-major baseline, then optimize the remaining dominant backward kernel toward the fixed 45k aim"
attempt-00046-boundary-key-block,development_accepted,true,5edf86274c25cdfc473f13412337b048480a35a5,,f0a0c0aaf9e8c1a98f14d2d47af5859e24fad3ed,runs/kda-cuda-development/attempt-00046-boundary-key-block-level1,true,advance,4.775716,,,2.851547,,false,false,profile the accepted boundary kernel and implement the tiled complete pair VJP without replaying ratio-cache attempt 39
attempt-00047-finalize-row-block,level2_threshold_rejected,true,a3dd2f236887b518c17c82e01d45c96ca9c25698,,5edf86274c25cdfc473f13412337b048480a35a5,runs/kda-cuda-development/attempt-00047-finalize-row-block-level1,true,advance,5.387906,,,1.788984,,false,false,retain attempt 46; do not retest the sub-threshold finalization intervention; move to the complete pair VJP strategy
attempt-00048-two-way-time-pair-vjp,tolerance_correct_pair_parallelism_rejected,true,d38eac1137a3f4eb8be6572f66d51d887edaea8d,,5edf86274c25cdfc473f13412337b048480a35a5,runs/kda-cuda-development/attempt-00048-two-way-time-level1,true,do_not_advance,-5.890374,,,,,false,false,do not widen or cache the scalar pair kernel; use a bounded algebraic pair VJP strategy
attempt-00049-warp-reduced-pair-vjp,tolerance_correct_pair_kernel_split_rejected,true,1d377d656e240759959f0adafc0da9c682cfb897,,5edf86274c25cdfc473f13412337b048480a35a5,runs/kda-cuda-development/attempt-00049-warp-pair-level1,true,do_not_advance,-26.187788,,,,,false,false,retain fused row-per-block scalar pair kernel; avoid per-row auxiliary launches and reassess whole forward/backward dispatch structure
attempt-00050-stacked-shared-right-forward-scan,exact_forward_dispatch_stacking_rejected,true,b05de084634f49b481c9e92df6508e4a2da87392,,5edf86274c25cdfc473f13412337b048480a35a5,runs/kda-cuda-development/attempt-00050-stacked-scan-level1,true,do_not_advance,2.390767,,,,,false,false,retain attempt 46 and move to the chunk-boundary recomputation/reverse-scan complete WY/UT VJP; do not pursue forward BMM dispatch stacking
attempt-00051-bounded-stable-pair-vjp,development_accepted,true,336a084f4d8ef34b673619ee020076d9e77a7399,,5edf86274c25cdfc473f13412337b048480a35a5,runs/kda-cuda-development/attempt-00051-pair-batched-tiles-level1,true,advance,7.829095,,,3.720324,,false,false,use attempt 51 as the development baseline; reduce pair tile pack/accumulate batching overhead and then continue profiling the remaining backward/finalize work toward 45k
attempt-00052-five-pair-batching,tolerance_correct_pair_batching_rejected,true,c0f7d50ff69e369d086e7ece86b4f6f1abaf6e07,,336a084f4d8ef34b673619ee020076d9e77a7399,runs/kda-cuda-development/attempt-00052-pair-batch5-level1,true,do_not_advance,0.649175,,,,,false,false,retain attempt 51; stop pair-batch width tuning and move to finalization fusion
attempt-00053-chunk-partial-finalization,development_accepted,true,0d168b5621c43218667754f55167601cc6a3f9d0,,336a084f4d8ef34b673619ee020076d9e77a7399,runs/kda-cuda-development/attempt-00053-finalize-partials-level1,true,advance,4.266625,,,2.439656,,false,false,use attempt 53 as the development baseline; target pair pack/accumulate kernel structure without further pair-batch-width tuning
attempt-00054-fast-pair-exponentials,tolerance_correct_fast_exponential_rejected,true,576797a09c196a0035236f5948c0681a8e365b05,,0d168b5621c43218667754f55167601cc6a3f9d0,runs/kda-cuda-development/attempt-00054-pair-fast-exp-level1,true,do_not_advance,-3.518698,,,,,false,false,retain attempt 53; stop pair exponential intrinsic substitution and choose a distinct structural backward axis
attempt-00055-fused-beta-dot,bitwise_exact_beta_dot_fusion_rejected,true,1c9381d663d3bdc26f0c6325aa07c52d291e6092,,0d168b5621c43218667754f55167601cc6a3f9d0,runs/kda-cuda-development/attempt-00055-beta-dot-fused-level1,true,do_not_advance,-0.120114,,,,,false,false,retain attempt 53; keep the efficient third pair BMM and move to a different structural path
attempt-00056-tiled-construction-wmma-scan,tolerance_correct_hybrid_wmma_below_gate,true,f5146a5a7ecd6bc54772e91704dcd38e7c25eac3,,0d168b5621c43218667754f55167601cc6a3f9d0,runs/kda-cuda-development/attempt-00056-hybrid-wmma-level1,true,do_not_advance,2.595045,,,,,false,false,retain attempt 53; preserve WMMA as a valid strategy-boundary option and stack the FP32 tiled A/M construction BMMs
attempt-00057-stacked-am-construction,bitwise_exact_stacked_am_lifetime_rejected,true,9b05e8e83f197f68b2fe968b460a7f1cddfa44da,,0d168b5621c43218667754f55167601cc6a3f9d0,runs/kda-cuda-development/attempt-00057-stacked-am-level1,true,do_not_advance,-2.452576,,,,,false,false,preserve the rejected committed form; test in-place T-over-M lifetime repair separately before abandoning stacked A/M construction
attempt-00058-unsafe-inplace-t,unsafe_inplace_dependency_invalid,true,1c12e671d82b44035a5760d44d85f622ea130851,,9b05e8e83f197f68b2fe968b460a7f1cddfa44da,runs/kda-cuda-development/diagnostics/attempt-00058-inplace-t-gradient,true,,,,,,,false,false,add a pre-write block barrier in a separate child before any timing or sanitizer claim
attempt-00059-synchronized-inplace-t,bitwise_exact_synchronized_inplace_t_rejected,true,f269c84d97c578080a0d68a36d31f83dab56e00a,,0d168b5621c43218667754f55167601cc6a3f9d0,runs/kda-cuda-development/attempt-00059-inplace-t-sync-level1,true,do_not_advance,-1.204446,,,,,false,false,retain attempt 53; abandon stacked A/M plus in-place T because required synchronization erases the gain
attempt-00060-fused-scan-state-update,bitwise_exact_state_update_fusion_rejected,true,ad5d1087cbeaf9a18e83f1ac078de05e2e7173fc,,0d168b5621c43218667754f55167601cc6a3f9d0,runs/kda-cuda-development/attempt-00060-state-update-level1,true,do_not_advance,0.039902,,,,,false,false,retain attempt 53; separate output and state update remains preferable and a new whole-forward axis is required
attempt-00061-configured-tf32-bmm,bitwise_exact_configured_tf32_rejected,true,6e1a5faae045058029280534ffb1662d660719b5,,0d168b5621c43218667754f55167601cc6a3f9d0,runs/kda-cuda-development/attempt-00061-tf32-level1,true,do_not_advance,-1.236518,,,,,false,false,"retain attempt 53; configured TF32 was bitwise inert and non-beneficial, so return to structural CUDA ownership work"
attempt-00062-reuse-forward-transforms,bitwise_exact_transform_reuse_rejected,true,b9b35c202d12dcad6ee836a214c840b74791f24b,,0d168b5621c43218667754f55167601cc6a3f9d0,runs/kda-cuda-development/attempt-00062-reuse-level1,true,do_not_advance,0.039231,,,,,false,false,"retain attempt 53; redundant U/W BMM removal is offset by exact reconstruction and storage traffic, so avoid this reuse form"
attempt-00063-warp-normalization-reduction,tolerance_correct_warp_norm_reduction_rejected,true,c753cba267eaf6b4bc0bc39374428eb24df4a995,,0d168b5621c43218667754f55167601cc6a3f9d0,runs/kda-cuda-development/attempt-00063-warpnorm-level1,true,do_not_advance,0.432170,,,,,false,false,retain attempt 53; warp reductions improve forward modestly but hurt short backward and do not clear production gate
attempt-00064-wmma-group-boundary-scan,tolerance_correct_wmma_boundary_below_gate,true,0fc6bf77c57ce59d9eb995c8bc4ebcc2fee6d4df,,0d168b5621c43218667754f55167601cc6a3f9d0,runs/kda-cuda-development/attempt-00064-wmma-boundary-level1,true,do_not_advance,2.704624,,,,,false,false,retain attempt 53; use this near-threshold backward evidence with attempt 56 to test one unified forward/backward WMMA scan strategy
attempt-00065-unified-wmma-scan,accepted_development_baseline,true,dbfe809a822084c849b344a6d479c90f48e1474d,,0d168b5621c43218667754f55167601cc6a3f9d0,runs/kda-cuda-development/attempt-00065-unified-wmma-level1,true,advance,6.234877,,,2.719855,,false,false,use attempt 65 as the development baseline; profile identifies the persistent forward WMMA scan as the largest named owned kernel
attempt-00066-precompute-wmma-decay-operands,bitwise_exact_decay_precompute_rejected,true,b420cb1291e7010b6079d80453d1e4e747f2cd31,,dbfe809a822084c849b344a6d479c90f48e1474d,runs/kda-cuda-development/attempt-00066-precompute-decay-level1,true,do_not_advance,-0.213731,,,,,false,false,retain attempt 65; separate whole-history decay precompute adds traffic and does not reduce production latency
attempt-00067-pair-pack-256,bitwise_exact_pair_pack_level2_flat,true,edcf90c12c8f4ea19e08f85009e51ae7a3c65add,,dbfe809a822084c849b344a6d479c90f48e1474d,runs/kda-cuda-development/attempt-00067-pair-pack-level1,true,advance,4.607162,,,0.343077,,false,false,retain attempt 65; the stronger pack microbenchmark did not produce a defensible matched trainer gain
attempt-00068-eight-warp-forward,accepted_development_baseline,true,705c60744015ae054cf116f64e8bd7a1c4fd844b,,dbfe809a822084c849b344a6d479c90f48e1474d,runs/kda-cuda-development/attempt-00068-eight-warp-level1,true,advance,3.697390,,,1.448560,,false,false,use attempt 68 as the development baseline; profile now points to backward pair pack/accumulate and the remaining forward scan
attempt-00069-persistent-group-recompute,tolerance_correct_group_recompute_short_guard,true,ff37d9ea6d9b9cfd26c23a62b76e76686b5fbf19,,705c60744015ae054cf116f64e8bd7a1c4fd844b,runs/kda-cuda-development/attempt-00069-group-recompute-level1,true,do_not_advance,5.886406,,,,,false,false,retain attempt 68; preserve the strong production strategy and refine it without overriding the frozen short-path guard
attempt-00070-eight-warp-group-recompute,accepted_development_baseline,true,c6532b46e4ad2f4ad81072dc0016e94eeb4f7f84,,705c60744015ae054cf116f64e8bd7a1c4fd844b,runs/kda-cuda-development/attempt-00070-eight-warp-group-level1,true,advance,7.297423,,,3.694005,,false,false,"use attempt 70 as the development baseline; profile points to the forward WMMA scan, persistent backward group scan, pair transforms, and remaining generic FP32 BMM groups"
attempt-00071-sixteen-warp-group-state,invalid_compile_shared_memory,true,4cd6f3aad2f72e4df25309c871cefc110fdc77cd,,c6532b46e4ad2f4ad81072dc0016e94eeb4f7f84,runs/kda-cuda-development/diagnostics/attempt-00071-sixteen-warp-group-check-invalid,true,,,,,,,false,false,retain attempt 70; do not enlarge per-warp staging beyond the static shared-memory limit
attempt-00072-value-tile16-group-state,accepted_development_baseline,true,66e432607ed619ccbac36900e1d5c648e213beb2,,c6532b46e4ad2f4ad81072dc0016e94eeb4f7f84,runs/kda-cuda-development/attempt-00072-value-tile16-level1,true,advance,4.087803,,,1.302401,,false,false,"use attempt 72 as the development baseline; profile points to forward WMMA, pair transforms/pack, and remaining generic FP32 BMM groups"
attempt-00073-forward-value-tile16,bitwise_exact_forward_tile16_rejected,true,1d2c66a7339c3855d795f2673839cb9ce45628be,,66e432607ed619ccbac36900e1d5c648e213beb2,runs/kda-cuda-development/attempt-00073-forward-tile16-level1,true,do_not_advance,-5.420944,,,,,false,false,retain attempt 72; doubled forward CTA count improves forward-only slightly but regresses production forward+backward beyond the guard
attempt-00074-pair-factor-cache,bitwise_exact_factor_cache_rejected,true,3b6ca582a008f9255393d2279a8e3ad1c74441a3,,66e432607ed619ccbac36900e1d5c648e213beb2,runs/kda-cuda-development/attempt-00074-pair-factor-level1,true,do_not_advance,-1.147204,,,,,false,false,retain attempt 72; caching factors in dead group buffers adds more traffic than the removed exponentials save
attempt-00075-compact-pre-m,bitwise_exact_compact_pre_m_rejected,true,2ca3135a0ea096a5a6beb8fcd44847082ea0bf11,,66e432607ed619ccbac36900e1d5c648e213beb2,runs/kda-cuda-development/attempt-00075-compact-pre-m-level1,true,do_not_advance,0.812802,,,,,false,false,retain attempt 72; eliminating the pair pre-M BMM with compact exact history is correct and memory-safe but does not clear the frozen 3% speed gate
attempt-00076-fused-group-inputs,bitwise_exact_fused_group_rejected,true,622cbc812e9fb7f8338c9a0007c2dc62c24e9f58,,66e432607ed619ccbac36900e1d5c648e213beb2,runs/kda-cuda-development/attempt-00076-fused-group-level1,true,do_not_advance,-1.540979,,,,,false,false,retain attempt 72; doubling the FP32 BMM batch and fusing group packing costs more than the removed launches save
attempt-00077-reverse-transfer-fusion,accepted_development_baseline,true,8cfff8e89f994c038d01566f2ae9b0c1626d959e,,66e432607ed619ccbac36900e1d5c648e213beb2,runs/kda-cuda-development/attempt-00077-reverse-transfer-level2,true,advance,4.769596,,,1.149386,,false,false,"use attempt 77 as the development baseline; profile points to forward WMMA, pair pack/accumulate, group-boundary WMMA, and remaining generic FP32 BMMs"
attempt-00078-fused-reverse-arithmetic,bitwise_exact_reverse_arithmetic_subthreshold,true,1d255e75088c3bbc435949dc3df8a1c4f9fdaf2f,,8cfff8e89f994c038d01566f2ae9b0c1626d959e,runs/kda-cuda-development/attempt-00078-reverse-arithmetic-level1,true,do_not_advance,1.519465,,,,,false,false,retain attempt 77; fusing reverse add/sub arithmetic is correct and beneficial but does not clear the frozen 3% Level-1 gate
attempt-00079-warp-pair-master,bitwise_exact_warp_pair_master_rejected,true,2ea89549dc01eb725fe6d9f24245ed376d04e1ca,,8cfff8e89f994c038d01566f2ae9b0c1626d959e,runs/kda-cuda-development/attempt-00079-warp-pair-master-level1,true,do_not_advance,-7.065876,,,,,false,false,retain attempt 77; 64-thread pair barriers outweigh reduced forward master-tile loads
attempt-00080-boundary-decay-share,bitwise_exact_boundary_decay_rejected,true,1efc9391316e236796a59f62e8a47da2adfa4048,,8cfff8e89f994c038d01566f2ae9b0c1626d959e,runs/kda-cuda-development/attempt-00080-boundary-decay-level1,true,do_not_advance,-2.903896,,,,,false,false,retain attempt 77; shared decay adds a CTA barrier and did not improve the measured backward path
attempt-00081-group16,tolerance_correct_group16_rejected,true,bec34bb6364f3f330dd9879b7c5582c9dde5d175,,8cfff8e89f994c038d01566f2ae9b0c1626d959e,runs/kda-cuda-development/attempt-00081-group16-level1,true,do_not_advance,-9.386304,,,,,false,false,retain attempt 77; doubled group scratch breaches memory and slows the backward path despite fewer group dispatches
attempt-00082-group-boundary-store,bitwise_exact_group_boundary_store_subthreshold,true,2eeb942aab9492e91b12a79dfcfb8bd7ef2eda41,,8cfff8e89f994c038d01566f2ae9b0c1626d959e,runs/kda-cuda-development/attempt-00082-group-boundary-store-level1,true,do_not_advance,0.268617,,,,,false,false,retain attempt 77; folding group-boundary copies is correct and slightly smaller but does not clear the 3% Level-1 gate
attempt-00083-pair-wmma-vjp,accepted_development_baseline,true,17dc8f662e1fea264aa7a42423ebfc5353623361,,8cfff8e89f994c038d01566f2ae9b0c1626d959e,runs/kda-cuda-development/attempt-00083-pair-wmma-level2-valid-001,true,advance,5.815715,,,1.953411,,false,false,"use attempt 83 as the development baseline; profile forward WMMA, group-boundary WMMA, pair transforms, and the fused pair-WMMA plus ordered-accumulation path"
attempt-00084-build-pair-wmma,accepted_development_baseline,true,af8d2198e75bb7977b2448b6f516e8185bf44ffd,,17dc8f662e1fea264aa7a42423ebfc5353623361,runs/kda-cuda-development/attempt-00084-build-pair-wmma-level2,true,advance,10.633271,,,3.755147,,false,false,"use attempt 84 as the development baseline; target the forward WMMA scan, group-boundary WMMA, and the fused pair-WMMA plus ordered-accumulation path"
attempt-00085-warp-output-store,bitwise_exact_warp_output_store_subthreshold,true,f1c67f4a78ecca9f9cc4ad2fe56c3e00ab62c2d2,,af8d2198e75bb7977b2448b6f516e8185bf44ffd,runs/kda-cuda-development/attempt-00085-warp-output-level1,true,do_not_advance,0.210532,,,,,false,false,retain attempt 84; removing the leading output-store CTA barrier is correct but does not clear the 3% Level-1 gate
attempt-00086-persistent-build-solve,tolerance_correct_build_solve_level2_subthreshold,true,8ce6d2ad8b1f5cf43e2477f5a111b947442d2d6e,,af8d2198e75bb7977b2448b6f516e8185bf44ffd,runs/kda-cuda-development/attempt-00086-build-solve-level2,true,advance,3.889448,,,0.401846,,false,false,retain attempt 84; use the profile and offline FlashKDA dataflow to target repeated FP32-to-BF16 operand conversion in the persistent forward scan
attempt-00087-prepack-scan-bf16,bitwise_output_prepack_strategy_rejected,true,a36b0474d5111471731cf9c69940c764181ef921,,af8d2198e75bb7977b2448b6f516e8185bf44ffd,runs/kda-cuda-development/attempt-00087-prepack-level1,true,do_not_advance,-3.318078,,,,,false,false,"retain attempt 84; preserve the measured 0.426 ms scan reduction but replace the 0.320 ms shared-memory compaction pass with direct packing into dead forward buffers, then compose with persistent build/solve"
attempt-00088-direct-prepack-build-solve,bitwise_output_direct_prepack_subthreshold,true,eeb08e6c927b43ccc6bdce5019b885edaef0bf4e,,af8d2198e75bb7977b2448b6f516e8185bf44ffd,runs/kda-cuda-development/attempt-00088-direct-prepack-level1,true,do_not_advance,1.789004,,,,,false,false,retain attempt 84; test BF16 inter-chunk state as a separate FlashKDA-derived axis on top of the correct direct-pack/build-solve path
attempt-00089-bf16-interchunk-state,bitwise_output_bf16_state_level2_subthreshold,true,5feae8573343c69d41bc7c2eeabb166244d414e6,,af8d2198e75bb7977b2448b6f516e8185bf44ffd,runs/kda-cuda-development/attempt-00089-bf16-state-level2,true,advance,3.823557,,,0.631792,,false,false,"retain attempt 84; the FlashKDA-derived forward boundary is correct but Level-2 sub-threshold, so return to group-boundary and pair-VJP backward structure"
attempt-00090-bf16-group-operands,bitwise_exact_bf16_group_operands_subthreshold,true,49d7096e72b4f373aa693d9f28a9afac94a53a91,,af8d2198e75bb7977b2448b6f516e8185bf44ffd,runs/kda-cuda-development/attempt-00090-bf16-group-operands-level1,true,do_not_advance,1.532381,,,,,false,false,"retain attempt 84; prepacking repeated group-boundary WMMA operands is bitwise exact and directionally positive but misses the frozen Level-1 gate, so seek a larger backward fusion that also removes shared staging or launch traffic"
attempt-00091-persistent-reverse-group,accepted_development_baseline,true,41858b66f7cf982007bdf11918efa2b8d99113fe,,af8d2198e75bb7977b2448b6f516e8185bf44ffd,runs/kda-cuda-development/attempt-00091-persistent-reverse-level2,true,advance,9.653668,,,3.395847,,false,false,"use attempt 91 as the accepted development baseline; profile-guided targets are forward WMMA, group-boundary WMMA, and pair WMMA plus ordered accumulation, while preserving the persistent reverse recurrence"
attempt-00092-bf16-group-recurrence,tolerance_correct_bf16_group_recurrence_rejected,true,82b397b1f4492b8d412d78514918ef9701776b3c,,41858b66f7cf982007bdf11918efa2b8d99113fe,runs/kda-cuda-development/attempt-00092-bf16-group-recurrence-level1,true,do_not_advance,-1.389216,,,,,false,false,"retain attempt 91; BF16-resident group-boundary state plus once-packed operands is tolerance-correct but slower, so preserve FP32 local group state and avoid composing the rejected preparation path"
attempt-00093-fused-group-producer,tolerance_correct_fused_group_producer_level2_subthreshold,true,3cc6ef841365dfd8411be964713ef5e90ff90077,,41858b66f7cf982007bdf11918efa2b8d99113fe,runs/kda-cuda-development/attempt-00093-fused-group-producer-level2,true,advance,4.214230,,,0.969399,,false,false,"retain attempt 91; the ownership-aligned fused T@P/T@Q producer removes group copies and BMM launches but is Level-2 subthreshold, so target a larger end-to-end fusion or forward path that moves at least 2% model throughput"
attempt-00094-c16-forward,tolerance_correct_c16_forward_rejected,true,6ba89593979ee6e19980c088dc4387e56c5cb059,,41858b66f7cf982007bdf11918efa2b8d99113fe,runs/kda-cuda-development/attempt-00094-c16-forward-level1,true,do_not_advance,-22.859466,,,,,false,false,"retain attempt 91; C16 alone is tolerance-correct but severely regresses forward+backward, confirming that FlashKDA's transferable advantage is its fused two-kernel pipeline and register-resident dataflow rather than chunk size in isolation"
attempt-00095-postreverse-vjp-wmma,tolerance_correct_postreverse_vjp_level2_subthreshold,true,9da42195c4a7853ea8bf7eae2c21ecfeaf5ea35f,,41858b66f7cf982007bdf11918efa2b8d99113fe,runs/kda-cuda-development/attempt-00095-postreverse-vjp-level2,true,advance,4.985852,,,1.593298,,false,false,"retain attempt 91; the full post-reverse VJP fusion is correct and removes 80 GEMMs per iteration but its 48-KiB one-CTA-per-chunk schedule is Level-2 subthreshold, so preserve the algebra and redesign row-tile ownership for greater CTA parallelism"
attempt-00096-rowtile-postreverse-vjp,tolerance_correct_rowtile_postreverse_level1_rejected,true,94a3a1d11baf93809fe775a4498a4c9f3becff64,,41858b66f7cf982007bdf11918efa2b8d99113fe,runs/kda-cuda-development/attempt-00096-rowtile-postreverse-level1,true,do_not_advance,-2.378638,,,,,false,false,"retain attempt 91; fine-grained row-tile CTA ownership is correct but operand rereads and four launches outweigh added parallelism, so test an intermediate multi-row CTA schedule or fuse post-reverse VJP work into the persistent reverse kernel"
attempt-00097-twocta-postreverse-vjp,tolerance_correct_twocta_postreverse_level2_subthreshold,true,3c59d55ef4825f9c2133191383899ea1c70790aa,,41858b66f7cf982007bdf11918efa2b8d99113fe,runs/kda-cuda-development/attempt-00097-twocta-postreverse-level2,true,advance,5.214818,,,0.812909,,false,false,"retain attempt 91; the dependency-safe two-owner midpoint is correct but three phases total 0.764 ms per iteration and remain slower than attempt 95's 0.755-ms single fused kernel, so stop row-owner subdivision and target persistent-kernel fusion or a forward/pair dataflow boundary"
attempt-00098-fused-residual-solve-forward,tolerance_correct_fused_residual_solve_level1_rejected,true,aa14dadf71afac2283e5063986410346514f4d69,,41858b66f7cf982007bdf11918efa2b8d99113fe,runs/kda-cuda-development/attempt-00098-fused-residual-solve-level1,true,do_not_advance,1.620925,,,,,false,false,"retain attempt 91; reassociation removes U/W and 3.94% peak allocation but a shared-memory residual handoff leaves forward flat and violates the short-sequence guard, so only revisit with a register-fragment handoff that directly feeds the T MMA"
attempt-00099-register-u-forward,tolerance_correct_register_u_level1_rejected,true,65c2be729d6bb9f09930fdf397f5328d16dbaca6,,41858b66f7cf982007bdf11918efa2b8d99113fe,runs/kda-cuda-development/attempt-00099-register-u-level1,true,do_not_advance,-1.836698,,,,,false,false,"retain attempt 91; register accumulation removes U and improves isolated forward 1.40% but regresses production forward+backward 1.84%, so keep the efficient global TP BMM and close this partial-fusion boundary"
attempt-00100-colored-pair-vjp,tolerance_correct_colored_pair_vjp_development_baseline,true,272d55aeb8a3e28823aea622ce399cb2b9760a6b,,41858b66f7cf982007bdf11918efa2b8d99113fe,runs/kda-cuda-development/attempt-00100-colored-pair-level2,true,advance,7.981654,,,2.370289,,false,false,use attempt 100 as the accepted development baseline; compose its conflict-free colored pair VJP with a redesigned full WY/UT backward that removes the remaining 130 generic GEMMs and fuses group-boundary/reverse work without recreating the rejected one-CTA post-reverse bottleneck
attempt-00101-persistent-reverse-init,tolerance_correct_persistent_reverse_init_level1_rejected,true,8ed2b03147fe3d98aa33aff4d076576ac4909271,,272d55aeb8a3e28823aea622ce399cb2b9760a6b,runs/kda-cuda-development/attempt-00101-persistent-reverse-init-level1,true,do_not_advance,0.859696,,,,,false,false,"retain attempt 100; fusing A-transpose-dO and R-transpose-dO into the persistent reverse scan removes one full state allocation but serializes extra WMMA phases, so keep these initial products in generic GEMMs and target a broader parallel row-owner VJP or group-boundary/build-pair fusion"
attempt-00102-group-producer-pack,tolerance_correct_group_producer_pack_level1_subthreshold,true,bf4b6146fe839092f1d24fa72d1f1d9dd5ccdf31,,272d55aeb8a3e28823aea622ce399cb2b9760a6b,runs/kda-cuda-development/attempt-00102-group-producer-pack-level1,true,do_not_advance,2.945121,,,,,false,false,"retain attempt 100; the 40-KiB dual-WY group producer plus R/E/dO packing is correct and a 2.945% near miss, but it does not meet the frozen Level-1 gate; test shared-lifetime reuse once, then close the axis without retesting"
attempt-00103-group-producer-reuse,tolerance_correct_group_producer_reuse_level1_rejected,true,c9835a92d7772a8bd75e4f6b8c9002448f4f1a09,,272d55aeb8a3e28823aea622ce399cb2b9760a6b,runs/kda-cuda-development/attempt-00103-group-producer-reuse-level1,true,do_not_advance,2.299510,,,,,false,false,"retain attempt 100; reducing producer shared storage from 40 to 24 KiB by serial P/Q staging lowers performance, so preserve the dual-MMA schedule and avoid an added CTA-wide phase"
attempt-00104-group-producer-forward-e,tolerance_correct_group_producer_forward_e_level1_subthreshold,true,a5743b2d457600de46fe8e87c1130cafe60eaa74,,272d55aeb8a3e28823aea622ce399cb2b9760a6b,runs/kda-cuda-development/attempt-00104-group-producer-forward-e-level1,true,do_not_advance,2.734441,,,,,false,false,"retain attempt 100; skipping unused forward R packing is correct but does not move the group-producer composition across the Level-1 gate, so close this micro-axis and return to a larger parallel WY/UT VJP design"
attempt-00105-vector-consumer-vjp,tolerance_correct_vector_consumer_vjp_level1_subthreshold,true,089a7a733c784f9274093df028f3f75dbd5ff1fe,,272d55aeb8a3e28823aea622ce399cb2b9760a6b,runs/kda-cuda-development/attempt-00105-vector-consumer-level1,true,do_not_advance,2.243716,,,,,false,false,"retain attempt 100; direct vector-output consumption removes four FP32 workspaces and improves peak allocation 3.31%, but eight 24-KiB value-column CTAs repeatedly stage the same left operands and miss the Level-1 gate; pursue a warp-specialized multi-value-tile CTA or a complete fragment-resident forward pipeline instead of further workspace-only subdivision"
attempt-00106-dual-value-consumer-vjp,tolerance_correct_dual_value_consumer_level1_rejected,true,322084fb732be2f2a9fad3ce0d89222aba86f13a,,272d55aeb8a3e28823aea622ce399cb2b9760a6b,runs/kda-cuda-development/attempt-00106-dual-value-consumer-level1,true,do_not_advance,1.607316,,,,,false,false,"retain attempt 100 and close value-column ownership scaling; doubling each CTA to 32 value columns lowers CTA count and left-operand staging but the 32-KiB footprint loses more concurrency than it saves, while 64 columns would approach the already-rejected 48-KiB serialized design; move to the complete forward prepare-plus-persistent boundary"
attempt-00107-fused-forward-prepare,tolerance_correct_fused_forward_prepare_level1_rejected,true,76a789bfe59194b631c1bfd42a3f26dc902a08e3,,272d55aeb8a3e28823aea622ce399cb2b9760a6b,runs/kda-cuda-development/attempt-00107-fused-forward-prepare-level1,true,do_not_advance,0.555733,,,,,false,false,"retain attempt 100; forward preparation launch and workspace removal reduces peak allocation 3.94% but moves T4096 forward plus backward only 0.56%, showing that the remaining throughput gap is dominated by backward/recompute and broader producer-consumer boundaries rather than these two isolated forward BMM launches"
attempt-00108-bf16-state-colored-pair,bitwise_exact_bf16_state_composition_level1_rejected,true,2f866f1c16deec3663ee1c0000ee39785d2548f5,,272d55aeb8a3e28823aea622ce399cb2b9760a6b,runs/kda-cuda-development/attempt-00108-bf16-state-colored-pair-level1,true,do_not_advance,-1.542653,,,,,false,false,"retain attempt 100; BF16 inter-chunk state remains bitwise exact and improves the T4096 forward-only lane 1.90%, but does not survive the full forward-plus-backward gate and regresses that lane 1.54%; close pure state-format composition and move to a larger repeated-GEMM/launch-amortization boundary"
attempt-00109-group-major-storage,tolerance_correct_group_major_storage_level1_rejected,true,6216f4301edea1c15782c20ff706354125b524df,,272d55aeb8a3e28823aea622ce399cb2b9760a6b,runs/kda-cuda-development/attempt-00109-group-major-storage-level1,true,do_not_advance,-0.747825,,,,,false,false,"retain attempt 100; zero-copy group-major P/Q/A/T lowers peak allocation 2.33%, but applying it to forward makes the sequential recurrence jump between distant group blocks and regresses forward 3.77%; isolate the layout to the independently recomputed backward operator in attempt 110"
attempt-00110-backward-group-major,tolerance_correct_backward_group_major_level2_subthreshold,true,ca9649df05edd43110349f523c43790518ec3903,,272d55aeb8a3e28823aea622ce399cb2b9760a6b,runs/kda-cuda-development/attempt-00110-backward-group-major-level2,true,advance,5.602565,,,1.423066,,false,false,"retain attempt 100; backward-only group-major storage is sanitizer-clean and removes the packing allocation/copies, but its 1.42% matched trainer gain is below the declared 2% retention gate; use the result to motivate a larger fused backward producer-consumer boundary and revisit FlashKDA's two-stage forward pipeline only as an offline scheduling reference"
attempt-00111-group-major-producer,tolerance_correct_group_major_producer_level2_subthreshold,true,57270223521bec30b71a537e6120dd662a8fec7e,,272d55aeb8a3e28823aea622ce399cb2b9760a6b,runs/kda-cuda-development/attempt-00111-group-major-producer-level2,true,advance,5.146713,,,0.766953,,false,false,"retain attempt 100; direct group-major inputs do not rescue the 40-KiB dual-WMMA group producer, whose Level-2 gain is only 0.77%; close this composition and target a high-occupancy two-stage schedule rather than adding work to chunk-owned producer CTAs"
attempt-00112-c16-fused-prepare,tolerance_correct_c16_fused_prepare_level1_rejected,true,2d04feb6f51fee690d3261ef63c9081f83fced57,,272d55aeb8a3e28823aea622ce399cb2b9760a6b,runs/kda-cuda-development/attempt-00112-c16-fused-prepare-level1,true,do_not_advance,-23.809521,,,,,false,false,"retain attempt 100 and close C16 until the recurrence itself is redesigned; fusing all preparation removes 3.94% allocation but isolated forward improves only 0.72% while full forward-backward regresses 23.81%, proving four-times-more recurrence chunks dominate"
attempt-00113-vector-consumer-alias,tolerance_correct_vector_consumer_alias_level1_rejected,true,dbcea64a878a4f2d58c17b0c40a8206caf0bbf9e,,272d55aeb8a3e28823aea622ce399cb2b9760a6b,runs/kda-cuda-development/attempt-00113-vector-consumer-alias-level1,true,do_not_advance,1.225287,,,,,false,false,"retain attempt 100 and close scratch-alias occupancy tuning; reducing the correct 16-column vector-consumer CTA from 24 to 20 KiB preserves the 3.31% allocation benefit but improves T4096 forward-backward only 1.23%, weaker than the original 24-KiB attempt 105, so barriers and shared-memory residency are not the missing strategy-scale gain"
attempt-00114-token-parallel-preprocess,tolerance_correct_token_parallel_preprocess_level1_rejected,true,f700561aef23c803f671cdc209ece97da56abdfe,,272d55aeb8a3e28823aea622ce399cb2b9760a6b,runs/kda-cuda-development/attempt-00114-token-parallel-preprocess-level1,true,do_not_advance,-4.101952,,,,,false,false,"retain attempt 100; the one-token K1 split improves shorter forward-backward rows but launches 24576 CTAs plus a separate prefix pass and regresses T4096 by 4.10%, so FlashKDA's token-parallel principle transfers only with cooperative multi-row preparation and not this one-token schedule"
attempt-00115-four-row-preprocess,tolerance_correct_four_row_preprocess_level1_rejected,true,0e2ea2164fe34d321b0f12f3d37c4f444b3ef07e,,272d55aeb8a3e28823aea622ce399cb2b9760a6b,runs/kda-cuda-development/attempt-00115-four-row-preprocess-level1,true,do_not_advance,-1.986061,,,,,false,false,"retain attempt 100 and close split-preprocess CTA-granularity tuning; four-row cooperation halves the attempt-114 long-sequence loss but remains 1.99% slower and violates the T256 guard, so the separate decay/prefix materialization boundary itself is not competitive without a fully fused K1"
attempt-00116-complete-vjp,tolerance_correct_complete_vjp_composition_level1_rejected,true,615b181c12626991d426fa9ac1927e5ab0106b7e,,272d55aeb8a3e28823aea622ce399cb2b9760a6b,runs/kda-cuda-development/attempt-00116-complete-vjp-level1,true,do_not_advance,1.577731,,,,,false,false,retain attempt 100; close direct composition of the 48-KiB chunk-owned dense post-reverse VJP with colored pair ownership because their benefits overlap and produce only 1.58% at T4096; pursue a recurrence pipeline or a lower-residency dependency-boundary redesign rather than more post-reverse composition
attempt-00117-forward-state-fragments,bitwise_exact_forward_state_fragments_level1_rejected,true,2e0366c17bda7feb0e6d2c6ee71d11f3ff4c4875,,272d55aeb8a3e28823aea622ce399cb2b9760a6b,runs/kda-cuda-development/attempt-00117-forward-state-fragments-level1,true,do_not_advance,-4.306512,,,,,false,false,"retain attempt 100 and close whole-phase state-fragment retention; the 59-to-84 register increase and longer live range erase the removed state cast/shared reloads, so future recurrence work must pipeline short fragment lifetimes or change producer-consumer ownership"
attempt-00118-forward-tile-prefetch,bitwise_exact_sanitizer_clean_tile_prefetch_level2_rejected,true,78f327c40a5f041b61d413b1ebf74ab404d9cd02,,272d55aeb8a3e28823aea622ce399cb2b9760a6b,runs/kda-cuda-development/attempt-00118-forward-tile-prefetch-level1,true,advance,3.913709,,,0.077236,,false,false,"retain attempt 100; one-tile W/state prefetch clears Level 1 but is neutral in matched training, so do not accept it alone; any follow-up must pipeline the complete forward recurrence or reduce the 80-register footprint rather than merely extend this partial phase unchanged"
attempt-00119-forward-full-pipeline,bitwise_exact_full_forward_pipeline_t256_guard_rejected,true,fd106237ad11d828ce732c6dd5a843b637ff7de4,,272d55aeb8a3e28823aea622ce399cb2b9760a6b,runs/kda-cuda-development/attempt-00119-forward-full-pipeline-level1,true,do_not_advance,5.504676,,,,,false,false,retain attempt 100; the coherent four-phase pipeline gives a strong 5.50% T4096 forward-backward signal but violates the frozen T256 guard at 5.86% and raises the persistent kernel from 59 to 128 registers; close this exact schedule and pursue a producer-consumer pipeline with fewer simultaneously live lane arrays rather than retesting or advancing it
attempt-00120-forward-packed-a-pipeline,bitwise_exact_packed_a_pipeline_level1_rejected,true,0a8f8d5ee31758f65e048f12a1095c66241ff4c7,,272d55aeb8a3e28823aea622ce399cb2b9760a6b,runs/kda-cuda-development/attempt-00120-forward-packed-a-pipeline-level1,true,do_not_advance,-0.507426,,,,,false,false,"retain attempt 100; packing the prefetched A operand lowers the complete pipeline from 128 to 96 registers and restores the T256 guard, but A-only lookahead loses the attempt-119 long-sequence signal and regresses T4096 forward-backward 0.51%; the next coherent test is packed dual-operand lookahead across all four phases, preserving both-operand overlap with shorter BF16x2 live state"
attempt-00121-forward-packed-dual-rolled,bitwise_exact_packed_dual_pipeline_level1_subthreshold,true,02b3f66f1b66cae4ddf311013aa4c0159fa578a7,,272d55aeb8a3e28823aea622ce399cb2b9760a6b,runs/kda-cuda-development/attempt-00121-forward-packed-dual-rolled-level1,true,do_not_advance,2.530065,,,,,false,false,"retain attempt 100 and close register-lookahead forward pipelining; packed dual-operand overlap reduces the committed kernel to 96 registers and protects T256, but its 2.53% T4096 forward-backward gain misses the 3% Level-1 gate while forward-only regresses 3.18%; move to a larger forward producer-consumer boundary or the remaining backward recomputation/GEMM boundary rather than retesting this schedule"
attempt-00122-grouped-gemm-vjp,bitwise_exact_grouped_gemm_vjp_level1_rejected,true,9a0aacf5b73c269087ce5ed827c0e306cda0ef93,,272d55aeb8a3e28823aea622ce399cb2b9760a6b,runs/kda-cuda-development/attempt-00122-grouped-gemm-vjp-level1,true,do_not_advance,-1.098606,,,,,false,false,"retain attempt 100 and close grouped-library dispatch for the dense WY/UT VJP; one device pointer-materialization kernel plus four cublasSgemmGroupedBatched phases reduces host calls but regresses T4096 forward-backward 1.10%, so the next strategy must fuse computation or remove a dependency/materialization boundary rather than merely group the same GEMMs"
attempt-00123-bf16-chunk-state-history,tolerance_correct_sanitizer_clean_chunk_state_history_level2_rejected,true,ab872bd17b0b56f0185ccb1662073ab6cd2e1088,,272d55aeb8a3e28823aea622ce399cb2b9760a6b,runs/kda-cuda-development/attempt-00123-bf16-chunk-state-history-level1,true,advance,5.455894,,,-13.045797,,false,false,"retain attempt 100; compressed full chunk-state history clears correctness, sanitizers, memory, and Level 1 with a 5.46% T4096 gain, but its exact candidate-first training block regresses median throughput 13.05% and is rejected without retest; preserve the mechanism as evidence that microbenchmark state-recompute removal does not survive the full training schedule"
attempt-00124-group-workspace-reuse,bitwise_exact_group_workspace_reuse_level1_rejected,true,96b1d6f16e354ec334b382a6490a4dbfe994906b,,272d55aeb8a3e28823aea622ce399cb2b9760a6b,runs/kda-cuda-development/attempt-00124-group-workspace-reuse-level1,true,do_not_advance,1.518616,,,,,false,false,"retain attempt 100 and close isolated allocator/workspace reuse; preallocating and reusing all gather and VJP scratch across the eight serial reverse groups is bitwise exact and lowers peak allocation 0.52%, but improves T4096 forward-backward only 1.52%, below the 3% gate"
attempt-00125-async-scan-operands,bitwise_exact_sanitizer_clean_async_scan_operands_level2_subthreshold,true,6220c6573a8493161f607aff6c62e8c9735edeb3,,272d55aeb8a3e28823aea622ce399cb2b9760a6b,runs/kda-cuda-development/attempt-00125-async-scan-operands-level1-valid-001,true,advance,5.622895,,,1.931222,,false,false,"retain attempt 100; packed BF16 left operands plus a double-buffered cp.async persistent forward scan are bitwise exact, sanitizer-clean, and produce the highest absolute candidate median so far, but the exact candidate-first Level-2 gain is 1.93%, narrowly below the declared 2% retention gate; preserve the async mechanism and move to a broader warp-specialized load/store or backward dependency boundary rather than retesting this pair"
reference-attempt-00125-production-profile,attribution_only_complete,true,6220c6573a8493161f607aff6c62e8c9735edeb3,,272d55aeb8a3e28823aea622ce399cb2b9760a6b,runs/kda-cuda-development/diagnostics/attempt-00125-production-profile,false,,,,,,,false,false,"a direct attempt-100 follow-up should eliminate or absorb the 0.437-ms BF16 pack producer while retaining the proven async scan and alias barriers; the async scan itself is 46.44% faster than attempt 100, but pack reduces the targeted net gain to 25.96%"
attempt-00126-preprocess-async-scan,production_tolerance_correct_sanitizer_clean_level2_nonfinite_invalid,true,6f1c5fd08ddf75c91415cf579890e26f17b79838,,272d55aeb8a3e28823aea622ce399cb2b9760a6b,runs/kda-cuda-development/attempt-00126-preprocess-async-scan-level1,true,advance,9.270891,,,,,false,false,"retain attempt 100; do not retest or use the apparent candidate timing because the exact Level-2 loss was non-finite from step zero. Preserve the useful producer-boundary evidence but keep pair-builder qbar/khat numerically exact in the next direct attempt-100 variant, moving only scan-ready operands into preprocess or dead storage"
attempt-00127-preprocess-qgamma,bitwise_exact_sanitizer_clean_preprocess_qgamma_level2_accepted,true,f2fa705e22fc97d2f455b4ccabcf42a6a9ab120f,,272d55aeb8a3e28823aea622ce399cb2b9760a6b,runs/kda-cuda-development/attempt-00127-preprocess-qgamma-level1-zeroed-001,true,advance,3.617881,,,2.602695,,false,false,"use f2fa705 as the accepted development baseline; preprocess-emitted qgamma plus direct BF16 A removes part of attempt125's producer cost while retaining exact FP32 pair inputs, bitwise correctness, finite training, and sanitizer cleanliness. Continue toward FLA by targeting the remaining restored-key/W producer or the backward dependency boundary without removing explicit upper-A initialization"
reference-attempt-00127-production-profile,attribution_only_complete,true,f2fa705e22fc97d2f455b4ccabcf42a6a9ab120f,,6220c6573a8493161f607aff6c62e8c9735edeb3,runs/kda-cuda-development/diagnostics/attempt-00127-production-profile,false,,,,,,,false,false,"from accepted f2fa705, test folding restored-key packing into the final pair-builder CTA while retaining a separate simple W conversion, exact FP32 pair inputs, bounded restored-key math, and explicit full-A initialization; the remaining pack is 0.28168 ms and 26.46% of scan time"
attempt-00128-final-pair-restored,output_exact_deterministic_final_pair_restored_level1_rejected,true,3751e607468e0bba48e406375c13b10e673219a4,,f2fa705e22fc97d2f455b4ccabcf42a6a9ab120f,runs/kda-cuda-development/attempt-00128-final-pair-restored-level1,true,do_not_advance,,,,,,false,false,"retain accepted attempt 127; folding restored-key packing into the final pair-builder CTA preserves exact output and deterministic gradients but regresses T4096 forward-backward 0.78%, so do not sanitize or run Level 2. The forward producer is now a diminishing-return boundary; use saved profiles to target a larger backward dependency or dense-matmul boundary."
attempt-00129-backward-bf16-e,bitwise_exact_backward_bf16_e_level1_rejected,true,c7f85ebe1ae291fc3bd2553459609d11f5ffb7aa,,f2fa705e22fc97d2f455b4ccabcf42a6a9ab120f,runs/kda-cuda-development/attempt-00129-backward-bf16-e-level1,true,do_not_advance,,,,,,false,false,"retain accepted attempt 127; BF16 E storage is bitwise exact and saves 0.385% T4096 peak allocation, but exact-E recomputation in the final VJP outweighs direct BF16 boundary loads and regresses T4096 forward-backward 1.19%. Do not retest or compose it; target launch/dependency removal without recomputing preserved FP32 intermediates."
attempt-00130-backward-group-reuse,tolerance_correct_group_major_workspace_reuse_level1_subthreshold,true,4d3e48d5aee7ed40b17650c7328a1f566f8981c7,,f2fa705e22fc97d2f455b4ccabcf42a6a9ab120f,runs/kda-cuda-development/attempt-00130-backward-group-reuse-level1,true,do_not_advance,2.847229,,,,,false,false,"retain accepted attempt 127; direct group-major P/Q/A/T plus in-place P/Q-to-R/E reuse is deterministic, tolerance-correct, saves 2.57% peak allocation, and improves T4096 forward-backward 2.847%, but misses the declared 3% Level-1 gate. Do not retest unchanged; fuse reverse P/Q recomputation with grad-output packing as a distinct wider boundary."
attempt-00131-backward-fused-inputs,tolerance_correct_backward_fused_inputs_t4096_improved_t256_guard_rejected,true,695adac9041a1c437e47ad2a719bc99d72ec20c6,,f2fa705e22fc97d2f455b4ccabcf42a6a9ab120f,runs/kda-cuda-development/attempt-00131-backward-fused-inputs-level1,true,do_not_advance,5.048939,,,,,false,false,"retain accepted attempt 127; fused reverse P/Q recomputation plus grad-output packing is deterministic, tolerance-correct, saves 2.57% peak allocation, and improves the exact T4096 forward-backward row 5.049%, but the measured unchanged generic T256 path regressed 10.187% and violates the strict guard. Do not retest unchanged or sanitize/Level2; profile and causally optimize the generic short-sequence path before composing any long-path result."
reference-attempt-00127-t256-production-profile,attribution_only_complete,true,f2fa705e22fc97d2f455b4ccabcf42a6a9ab120f,,f2fa705e22fc97d2f455b4ccabcf42a6a9ab120f,runs/kda-cuda-development/diagnostics/attempt-00127-t256-production-profile-001,false,,,,,,,false,false,"the accepted generic T256 lane spends 43.49% of measured project-kernel time in the reverse tile, 30.56% in forward recurrence, 12.97% in local replay, and 8.81% in boundary history. Test a no-workspace grouped short forward schedule first, then move to reverse/replay fusion if its CTA barriers outweigh shared invariant savings."
attempt-00132-t256-forward-group4,bitwise_exact_t256_group4_forward_guard_rejected,true,d61fd4ba751215cc47982b95e5d3c41d9a5447ec,,f2fa705e22fc97d2f455b4ccabcf42a6a9ab120f,runs/kda-cuda-development/attempt-00132-t256-forward-group4-level1,true,do_not_advance,3.703480,,,,,false,false,"retain accepted attempt 127; four-row sharing is bitwise exact and leaves allocation unchanged, but 512-thread CTA-wide barriers make T256 forward 7.929% slower even though combined forward-backward is within the 5% guard. Preserve attempt131's unaccepted long result, do not sanitize or run Level2, and test a distinct two-row/256-thread grouping before abandoning this no-workspace schedule."
attempt-00133-t256-forward-group2,bitwise_exact_sanitizer_clean_t256_group2_level2_subthreshold,true,9a80c31da906793f86c4e00d8b31e0472a422143,,f2fa705e22fc97d2f455b4ccabcf42a6a9ab120f,runs/kda-cuda-development/attempt-00133-t256-forward-group2-level1,true,advance,7.150445,,,1.502514,,false,false,"retain accepted attempt 127; two-row sharing is bitwise exact, sanitizer-clean, restores every short-path guard, and preserves attempt131's long-path gain, but the exact candidate-first Level2 pair improves only 1.503%, below the declared 2% retention gate. Do not retest unchanged. The raw 34926 tok/s candidate median is the highest observed but is not accepted; next target the T4096 backward GEMM/dependency boundary rather than further short forward grouping."
reference-attempt-00133-production-profile,attribution_only_complete,true,9a80c31da906793f86c4e00d8b31e0472a422143,,f2fa705e22fc97d2f455b4ccabcf42a6a9ab120f,runs/kda-cuda-development/diagnostics/attempt-00133-production-profile,false,,,,,,,false,false,"the largest project kernel is the 1.411616-ms backward group-boundary WMMA scan; each value tile redundantly evaluates the same chunk-end exponential for every state value. Cache 128 decay factors once per CTA to remove 16x within-tile expf duplication without global workspace, then compare the changed candidate to accepted attempt127."
attempt-00134-boundary-decay-cache,tolerance_correct_sanitizer_clean_boundary_decay_cache_level2_subthreshold,true,04f66287fd9f632b3e92b1923af11e2d2ce441d6,,f2fa705e22fc97d2f455b4ccabcf42a6a9ab120f,runs/kda-cuda-development/attempt-00134-boundary-decay-cache-level1,true,advance,5.193569,,,0.799416,,false,false,"retain accepted attempt127; caching chunk-end decay factors once per boundary CTA is deterministic, tolerance-correct, sanitizer-clean, saves the inherited 2.57% peak allocation, and improves the isolated T4096 forward-backward row 5.194%, but the exact baseline-first Level2 pair improves only 0.799%, below the declared 2% retention gate. Do not retest unchanged or treat attempt133/134 as accepted. Target a wider backward GEMM/dependency boundary; the isolated expf removal does not materially reduce the full training step."
attempt-00135-reverse-base-fusion,tolerance_correct_reverse_base_fusion_t4096_regressed_level1_rejected,true,424991f3fd33f3648b8c5b2f32ea775a4394fb60,,f2fa705e22fc97d2f455b4ccabcf42a6a9ab120f,runs/kda-cuda-development/attempt-00135-reverse-base-fusion-level1,true,do_not_advance,-4.114488,,,,,false,false,"retain accepted attempt127; fusing A^T dO and R^T dO into the persistent reverse-group CTA is deterministic, tolerance-correct, saves 4.11% peak allocation, and helps T256/T1024, but serializes enough additional WMMA work to regress T4096 forward-backward 4.114%. Do not sanitize, run Level2, or retest unchanged. Keep the memory result as evidence, but restore parallel GEMM scheduling and target launch/global-round-trip overhead without lengthening the low-parallelism persistent scan."
reference-fla-triton-c64-operator-profile-001,attribution_only_complete,true,,,f2fa705e22fc97d2f455b4ccabcf42a6a9ab120f,runs/kda-cuda-development/reference-benchmarks/fla-triton-operator-profile-001,false,,,,,,,false,false,"FLA's exact C64 operator trace uses 25 launches and a 3.960384-ms GPU span versus accepted attempt127's 74 launches and 4.794784-ms span. The 0.8344-ms per-call span gap is real but explains only a minority of the 200-ms full-step gap at six layers and four accumulation microsteps. Reproduce FLA's chunk-parallel fused backward topology rather than adding work to project persistent scans, and separately profile the matched full training step to locate convolution/framework remainder."
reference-fla-triton-c64-operator-profile-001-correction,attribution_correction_complete,true,,,f2fa705e22fc97d2f455b4ccabcf42a6a9ab120f,runs/kda-cuda-development/reference-benchmarks/fla-triton-operator-profile-001,false,,,,,,,false,false,"Use the launch-correlation result, not the earlier GPU-start-window summary. FLA removes 90.585% of launches and 58.186% of GPU span for the exact isolated operator. This validates a coherent FLA-like decomposition as the next major strategy boundary."
reference-matched-full-step-project127-vs-fla-001,attribution_only_complete,true,,,f2fa705e22fc97d2f455b4ccabcf42a6a9ab120f,runs/kda-cuda-development/profiles/matched-full-step-project127-vs-fla-001,false,,,,,,,false,false,Prioritize FLA parity through a coherent KDA redesign: 138.519 ms/step of the measured kernel gap is attributable to KDA scheduling and 23.539 ms/step to convolution. Implement the small sequential state scan plus broad chunk-parallel fused VJP before returning to convolution.
attempt-00136-fla-parity-local-vjp,tolerance_correct_fla_parity_local_vjp_t4096_regressed_level1_rejected,true,907ac67f237f688855d4739d0a8f8742e0f55acd,,f2fa705e22fc97d2f455b4ccabcf42a6a9ab120f,runs/kda-cuda-development/attempt-00136-fla-parity-local-vjp-level1,true,do_not_advance,-2.143830,,,,,false,false,"retain accepted attempt127; one CTA per chunk with eight column-tile warps is deterministic, tolerance-correct, removes four BMM workspaces, saves 3.34% peak allocation, and improves T256/T1024, but serializes four local products enough to regress T4096 forward-backward 2.144%. Do not sanitize, run Level2, or retest unchanged. Preserve FLA-like chunk ownership but split independent local products into a small number of chunk-parallel phase kernels so the GPU can overlap them without restoring four global workspaces."
reference-attempt-00136-fla-parity-local-vjp-operator,attribution_only_complete,true,907ac67f237f688855d4739d0a8f8742e0f55acd,,f2fa705e22fc97d2f455b4ccabcf42a6a9ab120f,runs/kda-cuda-development/profiles/attempt-00136-fla-parity-local-vjp-operator,false,,,,,,,false,false,"Do not tune the monolithic five-product CTA. FLA's direct-equation path spends 0.7976 ms in fused WY dqkg and 0.516064 ms in intra VJP, while attempt136 spends 1.6344 ms in its local kernel before the retained 0.904096-ms colored-pair and inverse path. Recast the backward directly in T/Aqk form so vector gradients, inverse VJP, and intra terms are produced in two coherent kernels rather than materializing the current dW/dT chain."
attempt-00137-fla-direct-vector-vjp,tolerance_correct_direct_vector_vjp_t4096_regressed_level1_rejected,true,e3ab8cc6b532ffd67617fa41558e2981faaa084d,,f2fa705e22fc97d2f455b4ccabcf42a6a9ab120f,runs/kda-cuda-development/attempt-00137-fla-direct-vector-vjp-level1,true,do_not_advance,-1.760816,,,,,false,false,"retain accepted attempt127; direct dP-to-dQ fragment consumption is deterministic, tolerance-correct, saves 2.762% peak allocation, and is a valid algebraic boundary, but the 45.6-KiB CTA and CTA-wide barriers leave T4096 forward-backward 1.761% slower. Do not sanitize or run Level2. Preserve the equations, replace the all-column shared-memory ownership with four warp-owned row tiles, global BF16 operands, warp-local result scratch, and no CTA barriers on the dense path."
reference-attempt-00137-fla-direct-vector-vjp-operator,attribution_only_complete,true,e3ab8cc6b532ffd67617fa41558e2981faaa084d,,f2fa705e22fc97d2f455b4ccabcf42a6a9ab120f,runs/kda-cuda-development/profiles/attempt-00137-fla-direct-vector-vjp-operator,false,,,,,,,false,false,"The direct equations are retained, but the implementation topology must change. The VJP still costs 1.612896 ms; its two BF16 conversions total only 0.035648 ms, so eliminating conversion launches cannot recover the gap. Use four warps owning disjoint 16-row tiles, keep eight dQ accumulators per warp, hand each dP fragment through warp-local 2-KiB scratch, and eliminate the 45.6-KiB resident operands and CTA-wide barriers."
attempt-00138-fla-warp-direct-vjp,tolerance_correct_warp_direct_vjp_t4096_and_t256_rejected,true,630058b7213e72183cca435d9f25569b10b37fe9,,f2fa705e22fc97d2f455b4ccabcf42a6a9ab120f,runs/kda-cuda-development/attempt-00138-fla-warp-direct-vjp-level1,true,do_not_advance,-4.768282,,,,,false,false,"retain accepted attempt127; four row-owner warps are deterministic and tolerance-correct but regress T4096 by 4.768% and violate the T256 guard by 6.644%. The compiler uses 128 registers and no local spill, so the failure is serial column ownership/global rereads. Do not sanitize or run Level2. Keep eight column-owner warps and warp-local result consumption; materialize only dP so dQ does not require eight live accumulators or CTA barriers."
reference-attempt-00138-fla-warp-direct-vjp-operator,attribution_only_complete,true,630058b7213e72183cca435d9f25569b10b37fe9,,f2fa705e22fc97d2f455b4ccabcf42a6a9ab120f,runs/kda-cuda-development/profiles/attempt-00138-fla-warp-direct-vjp-operator,false,,,,,,,false,false,"Close four-row-warp/eight-accumulator ownership. The VJP costs 1.737120 ms despite 8.25 KiB shared and zero local spill; 128 registers/thread are not the primary failure. Eight column-owner warps should compute dR/dE/dQ with one live accumulator and warp-local result scratch, while one retained dP BMM supplies the dependent operand."
attempt-00139-fla-column-direct-vjp,tolerance_correct_column_direct_vjp_t4096_rejected,true,28ab1815afa0a226b27157576a8f6f1130c539b3,,f2fa705e22fc97d2f455b4ccabcf42a6a9ab120f,runs/kda-cuda-development/attempt-00139-fla-column-direct-vjp-level1,true,do_not_advance,-3.623402,,,,,false,false,"retain accepted attempt127; the eight column-owner warps are exact and deterministic and improve T256/T1024, but regress T4096 by 3.623%. This closes manual WMMA ownership variants 136-139: they cannot reproduce the compiler-generated broad FLA kernel efficiently. Inspect the preserved FLA binary/PTX instruction topology, then choose either a measured inline-PTX tensor-core path or a true reverse-scan/local-VJP scheduling boundary."
attempt-00140-fla-boundary-histories,tolerance_correct_boundary_history_scaffold_memory_rejected,true,50b241ad16055c5b3f558fa6b103cc1ff100869a,,f2fa705e22fc97d2f455b4ccabcf42a6a9ab120f,runs/kda-cuda-development/attempt-00140-fla-boundary-histories-level1,true,do_not_advance,2.880002,,,,,false,false,"retain accepted attempt127; preserve attempt140 as the correct FLA scheduling scaffold. Complete BF16 forward/reverse boundary histories improve T4096 by 2.880% even with duplicated group operand construction, but raise peak allocation 11.946%. Build the exact two-warp chunk-by-head local VJP on this scaffold and eliminate expanded H/dH plus dense dR/dE/dW/dP/dQ workspaces before reconsidering Level2."
reference-attempt-00140-fla-boundary-histories-operator,attribution_only_complete,true,50b241ad16055c5b3f558fa6b103cc1ff100869a,,f2fa705e22fc97d2f455b4ccabcf42a6a9ab120f,runs/kda-cuda-development/profiles/attempt-00140-fla-boundary-histories-operator,false,,,,,,,false,false,"Keep the compact reverse scan unchanged. Replace the duplicated second-phase group preparation and dense local VJP: 24 pack launches and 98 MAGMA SGEMMs remain, while the full reverse scan costs only 0.679360 ms. The target two-warp kernel should directly consume BF16 H/dH histories and remove expanded state plus dense vector-gradient workspaces."
attempt-00141-two-warp-state-products,tolerance_correct_two_warp_state_products_t4096_memory_and_t256_rejected,true,abc3cc2b8804470a58180adcbe2060d9e5ccc9a5,,f2fa705e22fc97d2f455b4ccabcf42a6a9ab120f,runs/kda-cuda-development/attempt-00141-two-warp-state-products-level1,true,do_not_advance,-10.481064,,,,,false,false,"Retain accepted attempt127 and attempt140 only as the scheduling scaffold. The two-warp state-product kernel is exact and removes about 13.6 MB relative to attempt140, but serializes eight strips and round-trips dW into the retained generic matrix chain. Implement the complete chunk-local matrix adjoint and vector VJP in one FLA-shaped two-warp high-register program, eliminating dW/dT/dP/dQ workspaces and their BMMs."
attempt-00142-fla-complete-two-warp-vjp,tolerance_correct_complete_two_warp_vjp_t4096_memory_rejected,true,9f1c711d255b2630dd8f49f04d8961a3b5ce915a,,f2fa705e22fc97d2f455b4ccabcf42a6a9ab120f,runs/kda-cuda-development/attempt-00142-fla-complete-two-warp-vjp-level1,true,do_not_advance,-40.882631,,,,,false,false,"Retain accepted attempt127. Preserve attempt142 as the first complete project-owned two-warp local-adjoint equation milestone, not a performance candidate. The broad kernel is 166 registers/thread with no local spill but repeatedly converts FP32 64x16 panels through shared memory and barriers. Match FLA's BF16 producer/consumer boundary for do, z/dZ, P/Q, and T before changing the algebra again."
attempt-00143-fla-bf16-local-operands,bitwise_equation_diagnostic_bf16_local_operands_t4096_memory_rejected,true,e7e9ca2cf4b1f8916f9a304163d81b11b9da8962,,f2fa705e22fc97d2f455b4ccabcf42a6a9ab120f,runs/kda-cuda-development/attempt-00143-fla-bf16-local-operands-level1,true,do_not_advance,-14.773986,,,,,false,false,"Retain accepted attempt127. Direct BF16 z/dZ operands recover 19.861% of attempt142's candidate time and prove operand conversion/staging is material, but full-size transient BF16 dZ still fails memory and dO/P/Q/T remain staged. Produce dZ in BF16 at the reverse-scan boundary and fold dO/z plus the output-side dA product into the broad CTA before considering P/Q/T storage changes."
attempt-00144-fla-direct-bf16-dz-da,tolerance_correct_direct_bf16_dz_fused_da_t4096_rejected,true,2bd5bbfff4470b9c24d302c4c986e5081161afe9,,f2fa705e22fc97d2f455b4ccabcf42a6a9ab120f,runs/kda-cuda-development/attempt-00144-fla-direct-bf16-dz-da-level1,true,do_not_advance,-22.597699,,,,,false,false,"Retain accepted attempt127. Preserve direct BF16 reverse-scan dZ history because it restores the memory guard, but reject fusing output dA into the broad CTA: matching FLA's 255 registers/thread raises T4096 cost. Isolate direct dZ history with attempt143's standalone dA BMM and 164-register kernel before further P/Q/T changes."
attempt-00145-fla-direct-bf16-dz,bitwise_equation_diagnostic_direct_bf16_dz_t4096_rejected,true,4c44a837d374a8d59f6c1a896174b4bae8550f00,,f2fa705e22fc97d2f455b4ccabcf42a6a9ab120f,runs/kda-cuda-development/attempt-00145-fla-direct-bf16-dz-level1,true,do_not_advance,-19.862907,,,,,false,false,Retain accepted attempt127. Direct BF16 dZ history is memory-safe but the broad CTA still dominates. Profile it once at this strategy plateau before changing P/Q/T staging.
reference-attempt-00145-fla-direct-bf16-dz-operator,attribution_only_complete,true,4c44a837d374a8d59f6c1a896174b4bae8550f00,,f2fa705e22fc97d2f455b4ccabcf42a6a9ab120f,runs/kda-cuda-development/profiles/attempt-00145-fla-direct-bf16-dz-operator,false,,,,,,,false,false,"The broad CTA alone costs 5.437120 ms across eight group launches versus the preserved FLA broad kernel's 0.797600 ms. Arithmetic count is only 204 static HMMA versus FLA's 180, so remove shared conversion/staging and CTA barriers for P/Q/T rather than changing equations or adding fragments."
attempt-00146-fla-bf16-pqt,bitwise_equation_diagnostic_bf16_pqt_t4096_rejected,true,f47ffefd04c42eb69950cece2baa49824ee7de6c,,f2fa705e22fc97d2f455b4ccabcf42a6a9ab120f,runs/kda-cuda-development/attempt-00146-fla-bf16-pqt-level1,true,do_not_advance,-21.262930,,,,,false,false,"Retain accepted attempt127. Group-local BF16 P/Q/T is bitwise exact and shrinks the broad CTA to 26,624 shared bytes, but the added conversion kernel and retained shared state copies leave T4096 21.263% slower. Do not sanitize or run Level2. Preserve the BF16 operand boundary only as evidence and test direct global BF16 dO/H/dH loads without CTA copy barriers."
attempt-00147-fla-direct-state-loads,bitwise_equation_diagnostic_direct_state_loads_t4096_rejected,true,c1ff847f2c3df47cefeb3ddb572e988895dfc8da,,f2fa705e22fc97d2f455b4ccabcf42a6a9ab120f,runs/kda-cuda-development/attempt-00147-fla-direct-state-loads-level1,true,do_not_advance,-6.879407,,,,,false,false,"Retain accepted attempt127. Direct global BF16 dO/H/dH loads are bitwise exact and recover 14.38 percentage points relative to attempt146, confirming shared copies and CTA barriers were material, but T4096 remains 6.879% slower and misses the guard. Do not sanitize or run Level2. Compare the remaining result/dW handoff and launch topology against the preserved FLA schedule before choosing the next single-axis candidate."
reference-attempt-00147-fla-direct-state-loads-operator,attribution_only_complete,true,c1ff847f2c3df47cefeb3ddb572e988895dfc8da,,f2fa705e22fc97d2f455b4ccabcf42a6a9ab120f,runs/kda-cuda-development/profiles/attempt-00147-fla-direct-state-loads-operator,false,,,,,,,false,false,"Direct BF16 state loads cut the broad VJP from attempt145's 5.437120 ms to 2.404896 ms, but repeated U/W construction and dO packing remain across separate reverse and local-VJP group loops. Interleave those phases and reuse the exact group operands before changing kernel equations."
attempt-00148-fla-reuse-reverse-operands,bitwise_equation_diagnostic_group_reuse_near_parity_level1_not_advanced,true,99b2e47f2ca03bc3f72266c58af2b4339082cfb7,,f2fa705e22fc97d2f455b4ccabcf42a6a9ab120f,runs/kda-cuda-development/attempt-00148-fla-reuse-reverse-operands-level1,true,do_not_advance,-0.432657,,,,,false,false,"Retain accepted attempt127. Interleaving reverse scan and local VJP is bitwise exact, recovers nearly the entire attempt147 regression, and lowers peak allocation 1.413% below accepted127, but is 0.433% slower at T4096 and does not meet the 3% advancement threshold. Do not run Level2 unchanged. Replace the broad CTA's final shared triangular-adjoint transforms with group-local batched GEMMs while retaining this schedule."
attempt-00149-fla-split-inverse-adjoint,bitwise_equation_diagnostic_split_inverse_adjoint_t4096_rejected,true,e30158ff68110e4536088eb23dba6c7299f212ea,,f2fa705e22fc97d2f455b4ccabcf42a6a9ab120f,runs/kda-cuda-development/attempt-00149-fla-split-inverse-adjoint-level1,true,do_not_advance,-4.727803,,,,,false,false,"Retain accepted127 and attempt148 only as a near-parity scaffold. Splitting the exact inverse-adjoint WMMA sequence into a low-register kernel is bitwise exact and memory-safe but adds enough boundary cost to regress T4096 4.728%. Do not profile, sanitize, or run Level2. Keep the transform inside the broad CTA."
attempt-00150-fla-warp-local-barriers,bitwise_equation_diagnostic_warp_local_barriers_t4096_rejected,true,22de5e83ca3e340a44006749e0cff3fe22a9ab08,,f2fa705e22fc97d2f455b4ccabcf42a6a9ab120f,runs/kda-cuda-development/attempt-00150-fla-warp-local-barriers-level1,true,do_not_advance,-3.003057,,,,,false,false,"Retain accepted127 and attempt148 only as a near-parity scaffold. Warp-local row ownership is bitwise exact, but explicit syncwarp plus scalarized row processing regresses T4096 3.003%; the original two-warp CTA barriers schedule better. Do not profile, sanitize, or run Level2. Return to launch/materialization reductions outside the broad CTA or a compiler-generated tensor layout."
reference-attempt-00148-fla-reuse-reverse-operands-operator,attribution_only_complete,true,99b2e47f2ca03bc3f72266c58af2b4339082cfb7,,f2fa705e22fc97d2f455b4ccabcf42a6a9ab120f,runs/kda-cuda-development/profiles/attempt-00148-fla-reuse-reverse-operands-operator,false,,,,,,,false,false,"Retain attempt148 as an attribution scaffold only. Its 2.159616-ms broad VJP, 1.295904-ms reverse group scan, 50 MAGMA calls, and remaining pack/materialization launches identify external launch and history traffic as the next FLA-shaped boundary."
attempt-00151-fla-four-warp-broad-vjp,bitwise_equation_diagnostic_four_warp_broad_vjp_t4096_rejected,true,e7f6134194d60ea1637e1a358f9a68f1459c87de,,f2fa705e22fc97d2f455b4ccabcf42a6a9ab120f,runs/kda-cuda-development/attempt-00151-fla-four-warp-broad-vjp-level1,true,do_not_advance,-3.965428,,,,,false,false,"Retain accepted127. Four independent 16-row warps cut the broad kernel to 100 registers/thread without spills, but regress T4096 3.965%; reject this topology and reduce history/launch traffic instead."
attempt-00152-fla-bf16-only-reverse-history,bitwise_equation_diagnostic_bf16_only_reverse_history_below_level1_gate,true,db4187c9033c38f2320341dcea073eec979c7f80,,f2fa705e22fc97d2f455b4ccabcf42a6a9ab120f,runs/kda-cuda-development/attempt-00152-fla-bf16-only-reverse-history-level1,true,do_not_advance,2.205117,,,,,false,false,"Retain accepted127. Removing unread updated FP32 dZ writes and the unused FP32 incoming-state history is bitwise exact, improves T4096 2.205%, and cuts peak allocation 2.954%, but stays below the 3% Level-1 gate. Use it as the compact FLA-inspired parent for launch fusion."
attempt-00153-fla-vector-bf16-pqt,bitwise_equation_diagnostic_vector_bf16_pqt_below_level1_gate,true,11de416d1e09cdc022817fa5ce05d33d5b772940,,f2fa705e22fc97d2f455b4ccabcf42a6a9ab120f,runs/kda-cuda-development/attempt-00153-fla-vector-bf16-pqt-level1,true,do_not_advance,2.222568,,,,,false,false,Retain accepted127. Vectorized float2-to-bfloat162 P/Q/T packing is bitwise exact but adds no defensible gain over attempt152 and remains below the Level-1 gate. Preserve it only as the parent of the exact state-dot fusion.
attempt-00154-fla-fused-state-dot,correct_sanitized_fused_state_dot_level2_rejected,true,2aa4a3421bf4c5d838c3ec72e4dba43414ccca95,,f2fa705e22fc97d2f455b4ccabcf42a6a9ab120f,runs/kda-cuda-development/attempt-00154-fla-fused-state-dot-level2,true,advance,3.605375,,,-0.596972,,false,false,"Retain accepted attempt127. The exact fusion removes eight dD launches and 3.051% Level-1 allocation, but its 3.605% kernel gain becomes a 0.597% matched full-model regression. Use the accepted parent for further work; prioritize a larger FLA-inspired reverse-scan/local-VJP launch collapse rather than another small standalone fusion."
attempt-00155-fla-fused-bf16-uw,tolerance_correct_fused_bf16_uw_below_level1_gate,true,c58d8e8027973bd64290a1867401071cca0339eb,,f2fa705e22fc97d2f455b4ccabcf42a6a9ab120f,runs/kda-cuda-development/attempt-00155-fla-fused-bf16-uw-level1,true,do_not_advance,2.586147,,,,,false,false,"Retain accepted127. One owned four-warp WMMA kernel replaces paired FP32 U/W MAGMA products with negligible gradient drift, improves T4096 2.586%, and lowers Level-1 allocation 3.597%, but remains below the 3% gate. Extend the same operand boundary to the adjacent paired reverse products before any Level2."
attempt-00156-fla-fused-bf16-reverse-products,correct_sanitized_bf16_product_family_level2_rejected,true,d6e3cc47fbe2b202d8e1a1f4d17606b981fd18f9,,f2fa705e22fc97d2f455b4ccabcf42a6a9ab120f,runs/kda-cuda-development/attempt-00156-fla-fused-bf16-reverse-products-level2,true,advance,3.441487,,,0.228370,,false,false,"Retain accepted127. Replacing both paired FP32 MAGMA product families is tolerance-correct, deterministic, sanitized, and improves the operator 3.441%, but yields only 0.228% matched six-layer throughput. The remaining FLA gap requires a strategy that collapses most of the 11.9-ms owned operator toward FLA's 5.0-ms span, not another isolated BMM replacement."
reference-attempt-00156-fla-fused-bf16-reverse-products-operator,attribution_only_complete,true,d6e3cc47fbe2b202d8e1a1f4d17606b981fd18f9,,f2fa705e22fc97d2f455b4ccabcf42a6a9ab120f,runs/kda-cuda-development/profiles/attempt-00156-fla-fused-bf16-reverse-products-operator,false,,,,,,,false,false,"Retain accepted127. Attempt156 reduces the correlated operator to 209 launches and 10.985984-ms span, but the broad VJP remains 2.135840 ms and the forward/boundary/reverse/z state programs total 2.888928 ms. A viable FLA-parity candidate must replace these as one coherent register-resident pipeline rather than removing the final two MAGMA calls or another sub-millisecond pack kernel."
attempt-00157-fla-forward-z-reuse,correct_level1_advance_no_level2,true,b282f245ee26be627006fe1e4bc09d43e0a7ff10,,f2fa705e22fc97d2f455b4ccabcf42a6a9ab120f,runs/kda-cuda-development/attempt-00157-fla-forward-z-reuse-level1,true,advance,7.777736,,,,,false,false,"Use attempt157 as the next FLA-shaped scaffold, not the accepted baseline. Persisting compact BF16 Z and consuming original BF16 dO removes the reverse Z reconstruction, dO pack, and remaining dA MAGMA boundary for a 0.888-ms / 7.778% T4096 operator win and 6.358% allocation reduction. Continue by removing the packed R/E boundary and require a multi-ms operator win before Level2."
attempt-00158-fla-prepacked-bf16-re,correct_incremental_rejected_no_level2,true,98df07c23dabd8a020d5fc84482579ff740f174b,,f2fa705e22fc97d2f455b4ccabcf42a6a9ab120f,runs/kda-cuda-development/attempt-00158-fla-prepacked-bf16-re-level1,true,advance_vs_accepted_but_reject_vs_attempt157,,,,,,false,false,"Return to attempt157. Prepacking BF16 R/E once removes duplicated group-pack launches but moves exponentiation into preprocessing, measures 0.58% slower than attempt157's Level1 point estimate, and raises peak allocation by 9,961,472 bytes. Profile attempt157 and pursue a larger state-program or broad-VJP fusion boundary."
reference-attempt-00157-fla-forward-z-reuse-operator,attribution_only_complete,true,b282f245ee26be627006fe1e4bc09d43e0a7ff10,,f2fa705e22fc97d2f455b4ccabcf42a6a9ab120f,runs/kda-cuda-development/profiles/attempt-00157-fla-forward-z-reuse-operator,false,,,,,,,false,false,"Keep attempt157 as the FLA-shaped scaffold. It removes 16 launches and the Z-recompute family, but the broad VJP is now 2.571616 ms versus FLA's preserved 0.797600 ms. Follow FLA's explicit scaled-operand lifetime: compute decay factors once, reuse them in group packing and the broad VJP, and eliminate repeated scalar expf work before considering Level2."
attempt-00159-fla-decay-factor-reuse,correct_incremental_rejected_no_level2,true,1f4390560d1644c7b30ba3cc3c7afa78a51a4cc9,,f2fa705e22fc97d2f455b4ccabcf42a6a9ab120f,runs/kda-cuda-development/attempt-00159-fla-decay-factor-reuse-level1,true,advance_vs_accepted_but_reject_vs_attempt157,,,,,,false,false,"Return to attempt157. Caching BF16 decay factors removes repeated pack/broad expf evaluation but adds enough preprocessing and global traffic to regress 1.70% versus attempt157's Level1 point estimate and lose its memory advantage. The FLA broad-kernel gap is dominated by dot/register scheduling, so the next strategy must change VJP decomposition or generated tensor-core layout rather than cache more operands."
attempt-00160-fla-fast-math,invalid_runtime_launch_resources,true,a83097451b35a5b74d89b05283a170e9719481d3,,f2fa705e22fc97d2f455b4ccabcf42a6a9ab120f,runs/kda-cuda-development/attempt-00160-fla-fast-math-level1,true,invalid_do_not_interpret,,,,,,false,false,"Preserve the fast-math numerical evidence but do not use attempt160 directly: the generic K=V=16 backward fallback requests 73728 registers at 1024 threads and cannot launch. Repair only that generic launch geometry, then rerun every protected gate before interpreting performance."
attempt-00161-fla-fast-math-generic512,correct_sanitized_level2_accepted_development_baseline,true,ec44cba1f02f230ea991b940a95dc1b1f4e8d95c,,f2fa705e22fc97d2f455b4ccabcf42a6a9ab120f,runs/kda-cuda-development/attempt-00161-fla-fast-math-generic512-level2,true,advance,9.493431,,,2.697467,,false,false,"Use attempt161 as the accepted development baseline. Global fast-math plus the corrected 512-thread generic fallback clears every protected gate and improves matched six-layer throughput 2.697% to 35521 tok/s, but remains 8159 tok/s below FLA. Profile the committed operator to identify whether fast math reduced recurrence/VJP arithmetic or launch overhead, then pursue FLA-like broad-VJP tensor-core scheduling and pipeline collapse."
reference-attempt-00161-fla-fast-math-generic512-operator,attribution_only_complete,true,ec44cba1f02f230ea991b940a95dc1b1f4e8d95c,,b282f245ee26be627006fe1e4bc09d43e0a7ff10,runs/kda-cuda-development/profiles/attempt-00161-fla-fast-math-generic512-operator,false,,,,,,,false,false,"Use attempt161 as the accepted development baseline. Fast math removes 0.886912 ms summed kernel time without reducing 193 launches; 0.580032 ms comes from the broad VJP, now 1.991584 ms but still 2.50x FLA's preserved 0.797600 ms. Prioritize generated tensor-core/register scheduling for this VJP, then collapse the state/pack pipeline rather than trimming isolated launches."
attempt-00162-fla-four-warp-vjp,correct_sanitized_four_warp_vjp_level2_rejected,true,fc1a77d44c216548527dd350b5d4f82f3d7ddaba,,ec44cba1f02f230ea991b940a95dc1b1f4e8d95c,runs/kda-cuda-development/attempt-00162-fla-four-warp-vjp-level2,true,advance,3.111544,,,0.829410,,false,false,"Keep attempt161 as the accepted baseline but use attempt162 as a faster-operator scaffold. FLA's four-warp decomposition cuts the broad VJP 20.95% and the operator span 5.16%, yet produces only 0.829% matched training throughput. Accumulate the next FLA-style pipeline change on this scaffold before another Level2."
reference-attempt-00162-fla-four-warp-vjp-operator,attribution_only_complete,true,fc1a77d44c216548527dd350b5d4f82f3d7ddaba,,ec44cba1f02f230ea991b940a95dc1b1f4e8d95c,runs/kda-cuda-development/profiles/attempt-00162-fla-four-warp-vjp-operator,false,,,,,,,false,false,"Use attempt162 as a cumulative implementation scaffold, not the accepted baseline. Four warps halve each warp's persistent adjoint fragments and reduce broad VJP to 1.574304 ms, but it remains 1.97x FLA. Combine this layout with a wider BK/BV-style operand tile or adjacent state/pack collapse before another Level2."
attempt-00163-fla-shared-state-strip,correct_shared_state_strip_below_level1_gate,true,e1d783be29005d4ded2f47324499fa4f5d20d18a,,fc1a77d44c216548527dd350b5d4f82f3d7ddaba,runs/kda-cuda-development/attempt-00163-fla-shared-state-strip-level1,true,do_not_advance,0.984251,,,,,false,false,Return to attempt162 as the cumulative scaffold. Cooperative H/dH strip staging is bitwise exact but adds a synchronization boundary and improves T4096 only 0.984%; duplicate global loads were likely cache-friendly. Target register lifetime or a broader adjacent pipeline boundary instead.
attempt-00164-eight-warp-adjoint,correct_register_reduction_below_level1_and_guard,true,0f1d4e0a541a92612fb6cb168bc11466bacd60a7,,fc1a77d44c216548527dd350b5d4f82f3d7ddaba,runs/kda-cuda-development/attempt-00164-eight-warp-adjoint-level1,true,do_not_advance,2.526162,,,,,false,false,"Return to attempt162. Splitting the adjoint across eight warps reduces compiled registers/thread from 130 to 86 and improves T4096 2.526%, but misses the 3% gate and regresses T256 5.107%. The extra CTA warps are underused during row-local phases; pursue adjacent pipeline fusion rather than a larger broad-VJP CTA."
attempt-00165-fused-uw-pqt-pack,correct_fused_producer_pack_level2_below_gate,true,08dd15b847472579b4bf3f75f903b92de3a0684a,,ec44cba1f02f230ea991b940a95dc1b1f4e8d95c,runs/kda-cuda-development/attempt-00165-fused-uw-pqt-pack-vs-accepted-level2,true,,,,,1.100300,,false,false,Keep attempt161 accepted and use attempt165 only as a cumulative scaffold. Fuse the remaining R/E group-local pack into the existing U/W/P/Q/T producer kernel to remove another 16 launches and about 0.458 ms without changing equations or rounding.
reference-attempt-00165-fused-uw-pqt-pack-operator,attribution_only_complete,true,08dd15b847472579b4bf3f75f903b92de3a0684a,,fc1a77d44c216548527dd350b5d4f82f3d7ddaba,runs/kda-cuda-development/profiles/attempt-00165-fused-uw-pqt-pack-operator,false,,,,,,,false,false,The producer fusion removes eight P/Q/T pack launches and 0.121088 ms summed kernel time. Continue at the same boundary by emitting R/E from the producer and eliminating the remaining 16 pack-group launches.
attempt-00166-fused-uw-re-pack,correct_re_pack_fusion_level1_regression,true,a12d0d6f11baac5f79004e5b2b2c37ed71e37bf5,,08dd15b847472579b4bf3f75f903b92de3a0684a,runs/kda-cuda-development/attempt-00166-fused-uw-re-pack-level1,true,do_not_advance,-3.386917,,,,,false,false,Return to attempt165 as the cumulative scaffold and keep attempt161 accepted. Do not serialize R/E exponentials inside the 192 producer CTAs; retain the highly parallel pack or seek a cooperative/pipelined implementation that overlaps exp work without extending the WMMA critical path.
attempt-00167-overlap-uw-re-pack,correct_overlapped_re_pack_below_level1_gate,true,136ca45ed3d9fcc4ac993c07745fa250a650eb1d,,08dd15b847472579b4bf3f75f903b92de3a0684a,runs/kda-cuda-development/attempt-00167-overlap-uw-re-pack-level1,true,do_not_advance,0.237700,,,,,false,false,Return to attempt165. Dedicated pack warps recover attempt166's serialization loss but the doubled CTA and phase barriers leave only 0.238% at T4096. Stop R/E producer fusion and target a cheaper adjacent boundary or the remaining broad VJP schedule.
attempt-00168-flat-pair-grid,accepted_flat_pair_grid_development_baseline,true,7576d021f66ea2c01dae5e41935fdc48e7f2a43c,,ec44cba1f02f230ea991b940a95dc1b1f4e8d95c,runs/kda-cuda-development/attempt-00168-flat-pair-grid-vs-accepted-level2,true,,,,,2.021541,,false,false,"Use attempt168 as the accepted development baseline. Flattening all ten independent triangular pair CTAs reduces the operator from 185 to 167 launches and establishes 36,185 tok/s. Continue flattening or fusing independent launch families, while the broad VJP plus colored pair path remains the main FLA gap."
reference-attempt-00168-flat-pair-grid-operator,attribution_only_complete,true,7576d021f66ea2c01dae5e41935fdc48e7f2a43c,,08dd15b847472579b4bf3f75f903b92de3a0684a,runs/kda-cuda-development/profiles/attempt-00168-flat-pair-grid-operator,false,,,,,,,false,false,Use the accepted flattened pair grids as the model for other independent families. Launches fall by 18 and span by 0.101280 ms without changing arithmetic; the remaining 167 launches and broad VJP/colored-pair compute are the next targets.
attempt-00169-eight-warp-inline-dd,correct_eight_warp_inline_dd_below_level1_gate,true,a65e82eadb189022df245c8e1f5b0408a4480bb6,,7576d021f66ea2c01dae5e41935fdc48e7f2a43c,runs/kda-cuda-development/attempt-00169-eight-warp-inline-dd-level1,true,do_not_advance,0.341740,,,,,false,false,"Return to accepted attempt168. Inline serial dD reconstruction removes eight reduction launches and 196608 peak bytes while fixing the prior eight-warp small-shape guard, but consumes the occupancy gain and leaves only 0.342% at T4096. Do not compose this boundary without a parallel in-CTA reduction."
attempt-00170-eight-warp-coop-dd,correct_eight_warp_cooperative_dd_level1_regression,true,d94eb51ff943f8ec47a428f38355c66ef715b3ee,,7576d021f66ea2c01dae5e41935fdc48e7f2a43c,runs/kda-cuda-development/attempt-00170-eight-warp-coop-dd-level1,true,do_not_advance,-1.897987,,,,,false,false,"Return to accepted attempt168. Cooperative strip staging preserves the exact dD reduction order and lower allocation, but two block-wide barriers per key strip turn the eight-warp VJP into a 1.898% T4096 regression. Close this inline-dD schedule and pursue a structural reduction in broad-VJP or colored-pair work."
attempt-00171-fla-global-bf16-state-pipeline,correct_global_bf16_pipeline_level1_regression,true,a01e6b6da6e90572747328568018ced004c179be,,7576d021f66ea2c01dae5e41935fdc48e7f2a43c,runs/kda-cuda-development/attempt-00171-fla-global-bf16-state-pipeline-level1,true,do_not_advance,-2.674465,,,,,false,false,"Return to accepted attempt168. The FLA-style compact global lifetime removes 28 launches and 1.85% allocation, but the 64-chunk sweep and loss of group-local producer-consumer locality raise summed kernel time by 0.711 ms. Do not compose global materialization without an on-chip/generated pipeline that preserves locality."
attempt-00172-fla-four-warp-local-barriers,correct_four_warp_local_barriers_level1_regression,true,fefead9497518074dc1871e9f5bc2d62e06099fa,,7576d021f66ea2c01dae5e41935fdc48e7f2a43c,runs/kda-cuda-development/attempt-00172-fla-four-warp-local-barriers-level1,true,do_not_advance,-5.615808,,,,,false,false,"Return to accepted attempt168. Four-warp row ownership removes same-warp CTA barriers and remains bitwise exact, but regresses T4096 by 5.616% despite improving shorter shapes. Close barrier-only scheduling and pursue a structural reduction in useful broad-VJP or colored-pair work."
attempt-00173-fla-four-cta-vjp,correct_four_cta_vjp_level2_rejection,true,6fa87471ecdeee6358753d5b721083b3bb31684b,,7576d021f66ea2c01dae5e41935fdc48e7f2a43c,runs/kda-cuda-development/attempt-00173-fla-four-cta-vjp-level1,true,advance,3.347268,,,,,false,false,"Return to accepted attempt168. The 128-register launch bound enables nominal four-CTA residency and cleared Level 1, but the profile showed broad-VJP and total-span regressions and Level 2 measured a 0.363% throughput loss. Do not retain or compose forced register capping; pursue lower shared/register residency through useful-work or layout reduction rather than compiler constraint."
attempt-00174-fla-shared-inverse-handoff,correct_shared_inverse_handoff_level1_regression,true,e5c8c59ea426aad8a0090e6b74bfc9d7c16119cb,,7576d021f66ea2c01dae5e41935fdc48e7f2a43c,runs/kda-cuda-development/attempt-00174-fla-shared-inverse-handoff-level1,true,do_not_advance,-0.335095,,,,,false,false,"Return to accepted attempt168. Keeping the first inverse-adjoint transform in shared memory naturally reaches 128 registers with zero spill and removes a global round trip, but T4096 regresses 0.335% and T256 regresses 6.909%. Do not compose the hot shared-buffer alias; pursue a genuinely register-resident or lower-traffic layout."
attempt-00175-fla-tiled-conv-backward,accepted_development_baseline,true,aa08de1bab312bc7347ed739d8b2a0b83faef467,,7576d021f66ea2c01dae5e41935fdc48e7f2a43c,runs/kda-cuda-development/attempt-00175-fla-tiled-conv-backward-level2,true,not_applicable_convolution_intervention,,,,1.229548,,false,false,"Use attempt175 as the development baseline. Fuse the proven preactivation-gradient producer into the same 64x32 time/channel CTA, staging the x halo and dz on chip, to remove the remaining flat 12288-block producer and global FP32 dz round trip while preserving exact activation math."
attempt-00176-fused-conv-dz,validated_convolution_development_baseline,true,29dc8c0b246f34379cf7fcd43c3dc04fc0626e1b,,aa08de1bab312bc7347ed739d8b2a0b83faef467,runs/kda-cuda-development/profiles/attempt-00176-full-step-profile-001,true,not_applicable_convolution_intervention,,,,,,false,false,"Treat convolution as matched: attempt176 is 13.732 ms/step versus FLA 13.398725, only 2.49% slower. Use attempt176 as the next development parent and return to the complete WY/UT backward, where the remaining overall throughput gap is concentrated."
attempt-00177-fused-group-uw-re,correct_group_pack_fusion_below_level1_threshold,true,58ed50d0e02ef4813a421994708b2d4218e53713,,29dc8c0b246f34379cf7fcd43c3dc04fc0626e1b,runs/kda-cuda-development/attempt-00177-fused-group-uw-re-level1,true,do_not_advance,2.690763,,,,,false,false,"Return to exact attempt176. Co-indexed fusion deletes 30 launches and is bitwise exact, but exponentials and stores expand U/W from 0.641 to 1.112 ms/operator, nearly matching the former 1.122 ms combined stage; the profile span regresses 0.49%. Pursue fusion at a consumer boundary that removes global operand traffic, not producer co-scheduling alone."
attempt-00179-fla-balanced-eight-warp-vjp,correct_balanced_eight_warp_vjp_level1_regression,true,0bf7d1b834a2cbef36524c444cc5872b60cd0688,,29dc8c0b246f34379cf7fcd43c3dc04fc0626e1b,runs/kda-cuda-development/attempt-00179-fla-balanced-eight-warp-vjp-level1,true,do_not_advance,-0.210852,,,,,false,false,"Return to exact attempt176. Pairing warps and alternating row-local value/key strips retains the 86-register eight-warp layout and is bitwise exact, but T4096 regresses 0.211% and T1024 regresses 3.973%. Close the broad-VJP warp-count axis and pursue an equation/decomposition reduction rather than more CTA scheduling."
attempt-00180-fla-triangular-inverse-adjoint,correct_triangular_inverse_adjoint_below_level1_threshold,true,1434068018195c2a6a66a82d27593f7d485299eb,,29dc8c0b246f34379cf7fcd43c3dc04fc0626e1b,runs/kda-cuda-development/attempt-00180-fla-triangular-inverse-adjoint-level1,true,do_not_advance,0.172938,,,,,false,false,Return to exact attempt176. Computing only the ten lower inverse-adjoint tiles cuts nominal WMMA work but the added BF16 global handoff and 480 one-warp CTAs leave T4096 only 0.173% faster and raise allocation 0.206%. Preserve the triangular dependency proof and test it in place inside the broad CTA without a new launch or buffer.
attempt-00181-fla-inplace-triangular-adjoint,correct_inplace_triangular_adjoint_below_level1_threshold,true,6f777c324717f96de78f3acea0612317ef5b7d60,,29dc8c0b246f34379cf7fcd43c3dc04fc0626e1b,runs/kda-cuda-development/attempt-00181-fla-inplace-triangular-adjoint-level1,true,do_not_advance,0.880593,,,,,false,false,"Return to exact attempt176 for comparisons. The in-place triangular bounds are bitwise exact and remove 88 nominal WMMA operations without a new buffer or launch, but T4096 improves only 0.881% because runtime row-dependent bounds raise the broad kernel to 138 registers. Test one compile-time row specialization, then close this transform axis if it remains below gate."
attempt-00182-fla-specialized-triangular-adjoint,correct_specialized_triangular_adjoint_level1_regression,true,72f6d0a163c59d6e6a2aec8c053a31e234c054d8,,29dc8c0b246f34379cf7fcd43c3dc04fc0626e1b,runs/kda-cuda-development/attempt-00182-fla-specialized-triangular-adjoint-level1,true,do_not_advance,-0.372866,,,,,false,false,"Return to exact attempt176 and close the inverse-transform triangular specialization axis. Compile-time row paths restore 128 registers and preserve bitwise results, but T4096 regresses 0.373% and T256 violates the 5% guard. Refocus on FLA compact forward/reverse state decomposition rather than zero-tile MMA scheduling."
attempt-00183-fla-global-v32-state-pipeline,correct_deterministic_global_v32_state_pipeline_level1_regression,true,b04e7e15327fd3df59eb3d3aaf17120096354420,,29dc8c0b246f34379cf7fcd43c3dc04fc0626e1b,runs/kda-cuda-development/attempt-00183-fla-global-v32-state-pipeline-level1,true,do_not_advance,-9.424812,,,,,false,false,Return to exact attempt176. Close the direct global-BF16-plus-wider-state-CTA translation: attempt171's V16 global pipeline regressed and V32 amplifies the T4096 regression to 9.425%. Re-profile the accepted path against FLA by kernel-family time and pursue a decomposition that removes state-history/local-VJP traffic rather than merely widening the persistent CTA.
attempt-00184-fla-padded-broad-shared,correct_padded_broad_shared_below_level1_threshold,true,2194ae7c923d736fc74a2819349f7c0aa4e612e8,,29dc8c0b246f34379cf7fcd43c3dc04fc0626e1b,runs/kda-cuda-development/attempt-00184-fla-padded-broad-shared-level1,true,do_not_advance,0.026660,,,,,false,false,"Return to exact attempt176. Plain 72-element row padding is bitwise exact but neutral at T4096, so close simple shared-stride skewing. FlashKDA's advantage depends on the complete swizzled cooperative load/MMA pipeline, not padding alone; pursue an owned register/cooperative decomposition without adding unavailable CUTLASS dependencies."
attempt-00185-flash-direct-residual-forward,correct_deterministic_flash_direct_residual_forward_level1_regression,true,634db6f8283e622b252d991c1e409b9ebb497ed2,,29dc8c0b246f34379cf7fcd43c3dc04fc0626e1b,runs/kda-cuda-development/attempt-00185-flash-direct-residual-forward-level1,true,do_not_advance,-0.430920,,,,,false,false,"Return to exact attempt176. Directly forming T(P-QH) is numerically valid and saves 3.91% target-shape allocation, but the in-place FP32-to-BF16 packing plus fused residual scan regresses T4096 forward and forward-backward and violates the T256 guard. Preserve the algebraic factorization, but do not reuse this standalone pack boundary; any retry must consume producer-resident operands or fuse packing with their producer."
attempt-00186-fla-colored-inverse-adjoint,correct_deterministic_colored_inverse_adjoint_level1_regression,true,52e162e7ed0f74d4ddee58a51c754a8cd7ac6ecf,,29dc8c0b246f34379cf7fcd43c3dc04fc0626e1b,runs/kda-cuda-development/attempt-00186-fla-colored-inverse-adjoint-level1,true,do_not_advance,-0.408860,,,,,false,false,"Return to exact attempt176. Fusing each useful lower inverse-adjoint tile into its colored consumer is bitwise exact and removes the FP32 dM buffer, but serializes inverse work at every colored CTA, regresses T4096 and T1024, and saves only 0.206% allocation. Close consumer-side inverse fusion and pursue a decomposition that removes useful broad/state products rather than relocating their schedule."
attempt-00187-fla-parallel-forward-uw,correct_deterministic_parallel_forward_uw_level1_below_threshold_and_short_guard_failure,true,85679d3f2f8e7d126033bb601eeab2abc1dc4b79,,29dc8c0b246f34379cf7fcd43c3dc04fc0626e1b,runs/kda-cuda-development/attempt-00187-fla-parallel-forward-uw-level1,true,do_not_advance,0.746805,,,,,false,false,"Return to exact attempt176. A broad 3072-CTA BF16-WMMA U/W producer with FP32 outputs is correct, deterministic, and saves 4.184% allocation, but tuned FP32 BMM remains faster for forward and the T256 combined guard fails. Close standalone forward U/W replacement; matching FLA requires producer-consumer residency rather than another global U/W implementation."
attempt-00188-fla-bv32-vjp,correct_deterministic_fla_bv32_vjp_level1_regression,true,a46cd5a8632e1cc5c912724dc6681308b8326010,,29dc8c0b246f34379cf7fcd43c3dc04fc0626e1b,runs/kda-cuda-development/attempt-00188-fla-bv32-vjp-level1,true,do_not_advance,-3.176726,,,,,false,false,"Return to exact attempt176. Matching FLA's autotuned BK16/BV32/four-warp tile helps T256 and T1024, but retaining the doubled WMMA value fragments raises the broad kernel from 130 to 138 registers/thread and regresses T4096 by 3.177%. Close manual BV32 widening. The remaining FLA advantage comes from compiler-managed register layouts and elementwise fragment consumption, not tile width alone."
attempt-00189-fla-register-dp-consumer,correct_deterministic_register_dp_consumer_level2_below_retention_gate,true,ea154eea1692ac3ea2ca2d679c186251184b8ee8,,29dc8c0b246f34379cf7fcd43c3dc04fc0626e1b,runs/kda-cuda-development/attempt-00189-fla-register-dp-consumer-level1,true,advance_to_sparse_level2,4.066444,,,0.554159,,false,false,"Keep attempt176 as the accepted convolution development parent and attempt175 as the latest full matched baseline. Preserve attempt189 as a correct FLA-inspired scaffold: direct register consumption removes dP shared-memory handoffs and improves the broad VJP by 7.697%, but the matched Level-2 gain is only 0.554%, below the declared 2% gate. Continue with another isolated producer-fragment consumer, especially the dQ handoff, then compare any cumulative candidate against accepted baselines."
attempt-00190-fla-register-dq-consumer,correct_deterministic_register_dq_consumer_level2_below_retention_gate,true,091c9e3e992567202aae736080cb85a1170ad6ce,,ea154eea1692ac3ea2ca2d679c186251184b8ee8,runs/kda-cuda-development/attempt-00190-fla-register-dq-consumer-level1,true,advance_to_sparse_level2,3.599838,,,1.848635,,false,false,"Keep attempt176 as the accepted convolution parent and attempt175 as the latest full matched baseline. Preserve attempt190 as the strongest correct FLA-inspired scaffold: cumulative direct dP/dQ fragment consumption improves the broad VJP by 31.378% and the matched Level-2 pair by 1.849%, but remains just below the declared 2% gate. Continue eliminating the dR/dE scalar/shared handoff or fuse another useful backward boundary, then anchor the cumulative result against attempt176."
attempt-00191-fla-register-dre-consumer,correct_deterministic_register_dre_consumer_level1_below_threshold,true,8b3fb97eeed34081311d2a2540f7e16b461762c8,,091c9e3e992567202aae736080cb85a1170ad6ce,runs/kda-cuda-development/attempt-00191-fla-register-dre-consumer-level1,true,do_not_advance_below_three_percent_threshold,0.972850,,,,,false,false,"Preserve attempt191 as a correct cumulative implementation scaffold but do not advance it independently. Direct dR/dE fragment consumption and a 64-float cooperative end reduction save shared traffic and reduce the broad kernel to 128 registers/thread, but improve T4096 only 0.973% and regress T1024 3.205%. The next isolated mechanism should write rounded dW directly from accumulator registers to BF16 shared scratch, removing its FP32 store/reload and one CTA barrier; compare cumulative performance to attempt190 and accepted attempt176."
attempt-00192-fla-register-dw-pack,correct_deterministic_register_dw_pack_level1_and_cumulative_below_threshold,true,6186c7c57b2f683e5a53f365223c064f0b4fe842,,8b3fb97eeed34081311d2a2540f7e16b461762c8,runs/kda-cuda-development/attempt-00192-fla-register-dw-pack-level1,true,do_not_advance_below_three_percent_threshold,1.593129,,,,,false,false,"Return to attempt190 as the strongest non-retained scaffold. Directly packing dW accumulator elements to BF16 scratch is bitwise exact and removes one barrier, but improves only 1.593% versus attempt191 and the complete attempt191+192 handoff stack improves just 0.225% versus attempt190 in the cumulative boundary check. Close incremental broad shared-handoff removal and move to a larger FLA decomposition boundary such as state-product or colored intra-backward fusion."
attempt-00193-fla-register-state-consumer,correct_deterministic_register_state_consumer_level1_regression,true,7e57a3f510391f471c0f71ccb13fe583c05b10c6,,091c9e3e992567202aae736080cb85a1170ad6ce,runs/kda-cuda-development/attempt-00193-fla-register-state-consumer-level1,true,do_not_advance,-3.206595,,,,,false,false,"Return to attempt190. Direct register consumption of the forward E^T Z fragments is bitwise exact, removes one shared-memory handoff and CTA barrier per chunk, lowers the persistent forward kernel from 61 to 54 registers/thread, and improves isolated T4096 forward by 2.092%, but the matched target forward-backward measurement regresses 3.207%. Close this standalone boundary and pursue a larger FLA-style state or intra-backward fusion before another sparse Level 2."
attempt-00194-fla-register-state-products,correct_deterministic_register_state_products_level2_below_retention_gate,true,50330a4ed3ae50601ba13bab8b6e29a77269a4d8,,091c9e3e992567202aae736080cb85a1170ad6ce,runs/kda-cuda-development/attempt-00194-fla-register-state-products-level1,true,advance_to_sparse_level2,3.682218,,,0.324649,,false,false,"Keep attempt190 as the strongest non-retained matched scaffold. Attempt194 proves all four group-state products can be consumed exactly from registers and reaches the highest raw project-owned median, but its matched Level-2 gain is only 0.325%. The profile separates the useful boundary scan, which improves 3.971%, from the reverse scan, which regresses 21.617%; isolate only the boundary-side direct consumers from attempt190 before composing any further state work."
attempt-00195-fla-register-boundary-products,correct_deterministic_boundary_register_products_level1_reject,true,138c861a1ba42a277e6826436398b9b66a277792,,091c9e3e992567202aae736080cb85a1170ad6ce,runs/kda-cuda-development/attempt-00195-fla-register-boundary-products-level1,true,do_not_advance,-2.554898,,,,,false,false,"Keep attempt190 as the strongest non-retained matched scaffold. The forward-boundary direct consumers are exact and locally improve T=4096 forward, but they regress the matched combined production path. Close this handoff family and pursue a larger reverse/intra-backward decomposition rather than composing attempt193 or replaying attempt194."
attempt-00196-fla-reverse-product-alias,correct_deterministic_reverse_product_alias_level1_below_gate,true,3a660c170cf8c366600c7472e2fe68adaff518ff,,091c9e3e992567202aae736080cb85a1170ad6ce,runs/kda-cuda-development/attempt-00196-fla-reverse-product-alias-level1,true,do_not_advance,0.254491,,,,,false,false,"Keep attempt190 as the strongest non-retained matched scaffold. Aliasing the final reverse product over dead BF16 operand scratch preserves exact cooperative arithmetic and crosses the same shared-memory occupancy boundary as attempt194 without its lane-local regression, but the full T4096 gain is only 0.254%. Close shared-capacity-only state-scan tuning and require the next attempt to remove a larger reverse/intra kernel boundary."
attempt-00197-fla-reverse-vjp-pipeline,correct_deterministic_reverse_vjp_pipeline_level1_regression,true,aa46c5c9bd33f2fb8f56528ea983288f3b4823bb,,091c9e3e992567202aae736080cb85a1170ad6ce,runs/kda-cuda-development/attempt-00197-fla-reverse-vjp-pipeline-level1,true,do_not_advance_important_shape_regression,-5.339130,,,,,false,false,"Keep attempt190 as the strongest non-retained matched scaffold. The two-stream pipeline overlaps 1.609 ms, but concurrent tensor-core contention increases summed kernel time 27.8% and span 3.65%; close cross-stream scheduling and return to FLA's actual mechanism of reducing and coherently staging work in a compact reverse scan plus broad/intra kernels."
attempt-00198-fla-register-dh-scan,correct_deterministic_reverse_state_scan_level1_regression,true,1c6d825bef8f71fad4c1031748315952102e1561,,091c9e3e992567202aae736080cb85a1170ad6ce,runs/kda-cuda-development/attempt-00198-fla-register-dh-scan-level1,true,do_not_advance,-49.926186,,,,,false,false,Reject the two-warp register-held reverse state scan. It is bitwise exact but loses CTA parallelism and regresses T4096 by 49.926%. Preserve it as negative scheduling evidence; do not replay it.
attempt-00199-fla-packed-qgkg-scan,correct_deterministic_reverse_state_scan_level1_regression,true,0a22cf1625362d13707d7210eb2f51329c5de14e,,091c9e3e992567202aae736080cb85a1170ad6ce,runs/kda-cuda-development/attempt-00199-fla-packed-qgkg-scan-level1,true,do_not_advance,-35.833096,,,,,false,false,Reject the packed qg/kg group scan. Packing removes eight launches but the two-warp scan remains dominant and T4096 regresses 35.833%. Preserve the initial invalid unstaged checker capture at /tmp/kda-check-199 and use only /tmp/kda-check-199-valid as valid evidence.
attempt-00200-fla-four-warp-dh-scan,correct_deterministic_reverse_state_scan_level1_regression,true,2adb251a82d2d994779c70c35c74c4462e842c93,,091c9e3e992567202aae736080cb85a1170ad6ce,runs/kda-cuda-development/attempt-00200-fla-four-warp-dh-scan-level1,true,do_not_advance,-11.533820,,,,,false,false,"Reject the correct four-warp BV32 state ownership as implemented. It establishes the intended equations and separate A^T dO boundary, but shared operand transposes leave the direct scan at 1.987136 ms and T4096 regresses 11.534%."
attempt-00201-fla-direct-wmma-dh-scan,correct_deterministic_direct_wmma_dh_scan_level2_below_retention_gate,true,311654ba3f0d2c5e03372aca5b1226b4cc4fea79,,091c9e3e992567202aae736080cb85a1170ad6ce,runs/kda-cuda-development/attempt-00201-fla-direct-wmma-dh-scan-level1,true,advance_to_sparse_level2,3.416613,,,1.754198,,false,false,"Preserve as the mechanistic scaffold, not an accepted baseline. Direct WMMA loads make the eight group-local scans compact and Level 1 advances, but matched Level 2 improves only 1.754%, below the declared 2% gate. Next test one all-64-chunk reverse-state CTA loop while leaving local VJP chunk-parallel."
attempt-00202-fla-all64-dh-scan,correct_deterministic_all64_reverse_state_scan_level1_below_threshold,true,8eb055d0779b131c70bd35b223e87d33ad8875f5,,311654ba3f0d2c5e03372aca5b1226b4cc4fea79,runs/kda-cuda-development/attempt-00202-fla-all64-dh-scan-level1,true,do_not_advance_below_three_percent_threshold,0.730712,,,,,false,false,"Preserve attempt202 as the exact all-sequence scheduling boundary, not a baseline. A single 24-CTA scan removes 15 launches and the profile span falls 10.35%, but the state kernel itself is 27.79% slower than the eight attempt201 group scans and matched Level 1 improves only 0.731% while allocation rises 1.891%. Do not spend Level 2. Keep attempt201 as the mechanistic scaffold and target the persistent scan inner loop or a lower-overhead FLA-equivalent state kernel before another strategy boundary."
attempt-00203-fla-all64-direct-bf16-dh,correct_deterministic_direct_bf16_publication_regression,true,3ee6eeb8788b08ef6aa9cc2bfa4aaa632623b646,,8eb055d0779b131c70bd35b223e87d33ad8875f5,runs/kda-cuda-development/attempt-00203-fla-all64-direct-bf16-dh-level1,true,do_not_advance,-0.648716,,,,,false,false,"Reject and preserve. Do not replay direct accumulator-fragment lane mapping for BF16 state/history publication: despite removing 16 KiB of shared storage and one barrier, it makes the all64 state scan 16.05% slower, regresses the matched T4096 path 0.649%, and fails the T256 important-shape guard at 5.095%. Keep attempt202 only as an exact scheduling boundary and require any further all64 scan work to preserve coalesced publication or demonstrate a lower-cost FLA-equivalent staging pipeline."
reference-paired-operator-project201-vs-fla-002,reference_only_complete,true,,,,runs/kda-cuda-development/reference-benchmarks/paired-operator-project201-vs-fla-002,false,,,,,,,false,false,Use the one-process alternating CUDA-event result to size the operator-scale gap: attempt201 needs a 39.90% operator reduction to match FLA in this diagnostic. Do not interpret it as trainer throughput or statistical confirmation. Target coherent dataflow removal rather than more scan-only tuning.
attempt-00204-fla-forward-group-checkpoints,correct_deterministic_sanitized_level2_accepted_development_baseline,true,35da9331090ee030d8d6b89a44b5f0174e416f91,,311654ba3f0d2c5e03372aca5b1226b4cc4fea79,runs/kda-cuda-development/attempt-00204-fla-forward-group-checkpoints-level2,true,advance,5.876980,,,2.645293,,false,false,"Use attempt204 as the accepted development baseline and next scaffold. It is the first post-attempt175 candidate to clear the declared 2% matched gate, reaching a new raw project median of 38,803 tok/s while remaining sanitized and 100% project-owned. Continue with the coherent full-sequence reverse WY/state-to-intra boundary: eliminate the remaining per-group state/broad/intra materializations rather than tuning the scan alone. The FLA gap remains 4,877 tok/s; do not claim completion."
attempt-00205-fla-fullseq-reverse-intra,correct_deterministic_level1_rejected,true,e65024c27ecfeab2d5f5fadf2d45e2fd24e1341a,,35da9331090ee030d8d6b89a44b5f0174e416f91,runs/kda-cuda-development/attempt-00205-fla-fullseq-reverse-intra-level1,true,do_not_advance,,,,,,false,false,"Preserve attempt205 as the full-sequence scheduling failure boundary. It removed 55 launches and validated owner-packed dZ-base-to-dH aliasing plus 16-chunk consumers, but the one 24-CTA reverse scan recomputed qg/kg exponentials independently per value strip and cost 1.941824 ms. Do not spend Level 2. A successor may reuse the scheduling scaffold only if it prepares compact qg/kg once outside the scan and then attacks the still-materialized forward-history and colored/intra boundaries."
attempt-00206-fla-prepared-fullseq-reverse,correct_deterministic_level1_rejected,true,ca124bddcd672f738930c168bdc2d9101258882f,,35da9331090ee030d8d6b89a44b5f0174e416f91,runs/kda-cuda-development/attempt-00206-fla-prepared-fullseq-reverse-level1,true,do_not_advance,,,,,,false,false,"Preserve attempt206 as the prepared-operand correction to attempt205. It recovers nearly all of attempt205 but remains 2.633% slower than accepted attempt204 and does not advance. The remaining state scan is under-parallel at 24 V32 owners (0.724416 ms); test a 48-owner V16 full-sequence state mapping without changing its prepared operands. Also revert or fuse the 16-chunk local consumer slabs, whose colored/dD/dA/finalize work is slower than attempt204."
attempt-00207-fla-prepared-fullseq-v16,correct_deterministic_level1_rejected,true,b8d7594709cb2d7e695810dc773e26e252956042,,35da9331090ee030d8d6b89a44b5f0174e416f91,runs/kda-cuda-development/attempt-00207-fla-prepared-fullseq-v16-level1,true,do_not_advance,,,,,,false,false,Preserve V16 as a subthreshold scheduling boundary. It cuts the scan and yields +0.789% T4096 but misses the 3% gate and the T256 important-lane guard. Use it only as scaffold for a producer/consumer fusion large enough to remove at least another 0.4-0.6 ms/operator.
attempt-00208-fla-prepared-fullseq-v16-g8,correct_deterministic_level1_rejected,true,cf42c979b0c0ab5b330289792e9428576e4909e8,,35da9331090ee030d8d6b89a44b5f0174e416f91,runs/kda-cuda-development/attempt-00208-fla-prepared-fullseq-v16-g8-level1,true,do_not_advance,,,,,,false,false,Preserve and reject the return to eight consumer chunks. More launches and slower complete VJP outweigh cheaper colored/finalize kernels; do not repeat this width-only reversal. Return to attempt207 for a fused forward-history producer or direct intra fusion.
attempt-00205-through-00208-fullseq-correctness-correction,correctness_attribution_correction_complete,true,,,,runs/kda-cuda-development/diagnostics/attempt-00209-complete-forward-history-hotpath-sanitizers-001,false,,,,,,,false,false,"Retain attempt204 as accepted baseline. Treat attempts205-208 as invalid due incomplete initialization/lifetime aliasing. Any future full-sequence path must use full 3,145,728-element bounds and stable compact P/Q/T owners, with production initcheck evidence."
attempt-00209-complete-forward-history,correct_deterministic_level1_rejected,true,14f2dc6894020e8e6f8c2278f8f199c175e6d81a,,35da9331090ee030d8d6b89a44b5f0174e416f91,runs/kda-cuda-development/attempt-00209-complete-forward-history-level1,true,do_not_advance,,,,,,false,false,"Preserve attempt209 as the first valid full-sequence V16 boundary, but reject it on performance: correct full operand preparation plus state/history costs 5.420% at Level 1. Retain attempt204. Do not use invalid attempts205-208 as scaffolds or repeat full-sequence state-width/history variants without a redesign that removes at least 0.5 ms of correct-path work."
attempt-00210-gb10-split-forward-output,correct_deterministic_level1_rejected,true,a3723a38c84601fc38650fc7e3d44fa9990f2945,,35da9331090ee030d8d6b89a44b5f0174e416f91,runs/kda-cuda-development/attempt-00210-gb10-split-forward-output-level1,true,do_not_advance,,,,,,false,false,Reject the split-output boundary: removing output work from the 24-CTA recurrence improves mechanistic kernel sum/span but globally publishing and rereading H/Z regresses matched T4096 forward by 1.61% and forward+backward by 0.674%. Retain attempt204. Target the recurrence itself with a GB10-supported block64/BV32 register-held state translation using warp mma.sync; do not repeat a history-only output split.
attempt-00211-gb10-register-forward-state,correct_deterministic_level2_rejected_below_gate,true,20b6332f1d930e4f1ce5de922a389cfb642e8d78,,35da9331090ee030d8d6b89a44b5f0174e416f91,runs/kda-cuda-development/attempt-00211-gb10-register-forward-state-level2,true,advance,,,,1.096317,,false,false,"Preserve attempt211 as the exact GB10 register-state/PTX scaffold and highest raw project observation, but do not accept it: matched Level 2 improved only 1.096%, below the declared 2% gate, and 39,560 tok/s remains 4,120 below FLA. Retain attempt204 as accepted baseline. Continue from attempt211 only with an additional independent operator-scale reduction, focusing on the backward tail rather than further forward state microvariants."
attempt-00212-gb10-fullseq-reverse-state,correct_level1_rejected,true,94686e79bd9430cc53e17724d2d9e793c362bc08,20b6332f1d930e4f1ce5de922a389cfb642e8d78,,,true,,,,,,,false,false,Close scan-only full-sequence reverse family; do not advance.
attempt-00213-retain-forward-wy-factors,correct_deterministic_level2_accepted_below_fla_goal,true,6bb5c3cc2e42d58f2d8da500ab2bb1f24db6b345,20b6332f1d930e4f1ce5de922a389cfb642e8d78,,,true,,,,,2.743168,,false,false,"Attempt213 is accepted at 40,076 tok/s but remains 3,604 below FLA. Continue from attempt213 with another broad backward reduction."
attempt-00213-retain-forward-wy-factors-invalidation,invalidated,,,,,,false,,,,,,,,,
attempt-00214-split-local-inverse,exact_profile_rejected_inherits_invalid_factor_layout,true,7b46353feb8e7589f4ab9e020ced2545db661dd8,6bb5c3cc2e42d58f2d8da500ab2bb1f24db6b345,,,false,,,,,,,false,,
attempt-00215-register-colored-vjp,exact_profile_rejected_inherits_invalid_factor_layout,true,05ca499d047cc80e892a6ffc4f3c6cd1e052ae5b,6bb5c3cc2e42d58f2d8da500ab2bb1f24db6b345,,,false,,,,,,,false,,
attempt-00216-gb10-register-boundary,invalid_inherited_retained_factor_layout_level2_rejected,true,b5000e2ee8762c25697f56401cb29b0a5caa048a,6bb5c3cc2e42d58f2d8da500ab2bb1f24db6b345,,,false,,,,,0.588499,,false,,
attempt-00218-zero-backward-upper-a-reference,correct_diagnostic_reference,true,11e6d7311d6a057856a8191d0d51753b705a8ab9,20b6332f1d930e4f1ce5de922a389cfb642e8d78,,,true,,,,,,,false,,
attempt-00217-correct-retained-wy-layout,correct_deterministic_level2_accepted_below_fla_goal,true,c619407c18c3170487fdcf03df350549d23ab958,b5000e2ee8762c25697f56401cb29b0a5caa048a,,,true,,,,,2.100362,,false,false,"Accepted correct baseline at 40,347 tok/s; continue grouped factor retention/other broad reductions toward 43,680."
attempt-00219-retain-grouped-forward-uwpq,correct_checker_level1_rejected,true,4869848afc91cc373a8798d328127936504797a2,c619407c18c3170487fdcf03df350549d23ab958,,,false,,,,,,,false,false,Keep attempt217; close full saved U/W/P/Q and preprocessing sidecars.
attempt-00220-parallel-dp-helper-warps,correct_level1_rejected,true,ff39227da8018ea88f8503b232462ba334f29cb5,c619407c18c3170487fdcf03df350549d23ab958,,,false,,,,,,,false,false,Keep attempt217; attempt220 is an exact subthreshold building block only.
attempt-00221-persistent-build-solve,correct_level2_rejected,true,50693b8da9fbe4582b7d1e1e725b7c8ef040994d,ff39227da8018ea88f8503b232462ba334f29cb5,,,false,,,,,,,false,false,Keep attempt217; need broader backward reduction.
attempt-00222-pipelined-complete-key-products,correct_level2_rejected,true,353d3cd9fe2f1bf1b9325651d644f6e0a8c3b480,50693b8da9fbe4582b7d1e1e725b7c8ef040994d,,,false,,,,,,,false,false,Keep attempt217; attempt222 exact scaffold only.
attempt-00223-group-local-prepack,correct_profile_rejected,true,56349d4b0df652547d12773c8e3ec9bf9883c529,50693b8da9fbe4582b7d1e1e725b7c8ef040994d,,,false,,,,,,,false,false,Keep attempt217; close group-local serialized kg schedule.
attempt-00224-save-preprocess-scalars,correct_profile_rejected,true,814c627c8614ba6e95cd813cc11daa9a111c913d,353d3cd9fe2f1bf1b9325651d644f6e0a8c3b480,,,false,,,,,,,false,false,Keep attempt217; close saved scalar preprocessing.
attempt-00225-fused-complete-colored,correct_profile_rejected,true,6ecffd561ae73f8e43339c19c9c18f9aca24ab59,353d3cd9fe2f1bf1b9325651d644f6e0a8c3b480,,,false,,,,,,,false,false,Keep attempt217; close complete-colored serialization.
attempt-00226-fused-boundary-registerdh,correct_profile_rejected,true,9dfe39d40d2681c9363bc6cc8854d1147be7b80c,353d3cd9fe2f1bf1b9325651d644f6e0a8c3b480,,,false,,,,,,,false,false,Attempt227 split value strip.
attempt-00227-split-fused-boundary-dh,level2_rejected,true,1ef988edb63d4b0ea41d9c83b943931031d36d1c,9dfe39d40d2681c9363bc6cc8854d1147be7b80c,,,false,,,39984,40707,,,false,false,Use as exact scaffold; need >=2% matched gain.
attempt-00228-sequential-split-boundary-dh,correct_profile_rejected,true,12677ed96e4c095375fdf93dc80755c6e3515d61,1ef988edb63d4b0ea41d9c83b943931031d36d1c,,,false,,,,,,,false,false,Keep attempt227 concurrency.
attempt-00229-fuse-prefix-finalize,correct_profile_rejected,true,ad85be7d9b98ea86df6e020331843b5961681c75,1ef988edb63d4b0ea41d9c83b943931031d36d1c,,,false,,,,,,,false,false,
attempt-00230-fuse-prefix-parameter,correct_profile_rejected,true,0ba657aa449385fc928e9f1dfc2077b65f1b9f9e,1ef988edb63d4b0ea41d9c83b943931031d36d1c,,,false,,,,,,,false,false,
attempt-00231-hide-da-complete-tail,accepted,true,29ae24c0da47b84a1a6116cb1b11c84a474ae0af,1ef988edb63d4b0ea41d9c83b943931031d36d1c,,,false,,,39709,40834,,,false,false,Continue from attempt231 toward 43680.
attempt-00232-hide-dd-complete,correct_profile_rejected,true,7cc8156c7b7543c6d7466a95673d9ce5d458bd28,29ae24c0da47b84a1a6116cb1b11c84a474ae0af,,,false,,,,,,,false,false,
attempt-00233-low-shared-colored,correct_profile_rejected,true,d1c1f0dd5c89156a15f3c79f95d0cf8db3ce4714,29ae24c0da47b84a1a6116cb1b11c84a474ae0af,,,false,,,,,,,false,false,
attempt-00234-force-four-cta-colored,resource_rejected,true,1b80a584a8492c20304cc978512f116852c15ce6,d1c1f0dd5c89156a15f3c79f95d0cf8db3ce4714,,,false,,,,,,,false,false,
attempt-00235-pipeline-preprocess,correct_profile_rejected,true,058e11944a01134edc18bac59f815f962240ea32,29ae24c0da47b84a1a6116cb1b11c84a474ae0af,,,false,,,,,,,false,false,
attempt-00236-fuse-groupuw-pack,correct_profile_rejected,true,b7ef018600bd331cf5e579eb3e55e7ba399d12a6,29ae24c0da47b84a1a6116cb1b11c84a474ae0af,,,false,,,,,,,false,false,
attempt-00237-reducer-warp-preprocess,correct_profile_rejected,true,feefac79fa1aac37d81a9132618042c29bc70603,29ae24c0da47b84a1a6116cb1b11c84a474ae0af,,,false,,,,,,,false,false,
attempt-00238-split-forward-state,correct_profile_rejected,true,9eb28e62f862ac511d727c661a3f4bc5f604e24f,29ae24c0da47b84a1a6116cb1b11c84a474ae0af,,,false,,,,,,,false,false,
attempt-00239-token-parallel-norm,correct_profile_rejected,true,b991631471d401a0e444943fcba57dd7cfa66a28,29ae24c0da47b84a1a6116cb1b11c84a474ae0af,,,false,,,,,,,false,false,
attempt-00240-persistent-rowtile-colored,correct_profile_rejected,true,a9d95b73bfbee23d0030135d7aed852b733a58ba,29ae24c0da47b84a1a6116cb1b11c84a474ae0af,,,false,,,,,,,false,false,
attempt-00241-warp-reduce-preprocess-norms,correct_profile_rejected,true,6fe8e55a9a5ed903d99119e9429c7836b79846ad,29ae24c0da47b84a1a6116cb1b11c84a474ae0af,,,false,,,,,,,false,false,
attempt-00242-retain-wpq-uonly,correct_level1_rejected,true,36bd5c7c922ab05214a00c0731a356157914c0d0,29ae24c0da47b84a1a6116cb1b11c84a474ae0af,,,false,,,,,,,false,false,
attempt-00243-fuse-retention-scan-pack,correct_level2_rejected,true,5fc5d411f8664816386ea003e387f188d46ee463,36bd5c7c922ab05214a00c0731a356157914c0d0,,,false,,,,,1.136000,,false,false,
attempt-00244-fuse-dzbase-reverse,correct_level2_rejected,true,a9de266ab1da8a78bc0de0ddce37361e6a2ba75a,5fc5d411f8664816386ea003e387f188d46ee463,,,false,,,,,1.867000,,false,false,
attempt-00245-warp-norm-retained,accepted,true,b1796308c9984124672025a2a70ec9d3e466070a,a9de266ab1da8a78bc0de0ddce37361e6a2ba75a,,,false,,,,,2.530000,,false,false,
attempt-00246-retain-kg,correct_profile_memory_rejected,true,2e296df7c7c2d298b46498b780a8951ec5910d41,b1796308c9984124672025a2a70ec9d3e466070a,,,false,,,,,,,false,false,
attempt-00247-conv-channel64,checker_complete_profile_rejected,true,1c56101c500688edcb853799adfcde7052b1c1ea,b1796308c9984124672025a2a70ec9d3e466070a,,,false,,,,,,,false,false,
attempt-00248-conv-time128,mechanical_profile_rejected,true,1681cb254128d7c80df2bb849eace2ee115a4205,b1796308c9984124672025a2a70ec9d3e466070a,,,false,,,,,,,false,false,
attempt-00249-conv-time32,mechanical_profile_rejected,true,8169ab852401c4695df699d0400bc2492cd87685,b1796308c9984124672025a2a70ec9d3e466070a,,,false,,,,,,,false,false,
attempt-00250-conv-saved-derivative,correct_profile_rejected,true,25aa07cf9deda86438c3560eb0c7f9807f24eaf8,b1796308c9984124672025a2a70ec9d3e466070a,,,false,,,,,,,false,false,
attempt-00251-retain-preprocess,correct_profile_memory_rejected,true,1de87f0d5b332ab4cf9f69ab40cfa4f575efd4fa,b1796308c9984124672025a2a70ec9d3e466070a,,,false,,,,,,,false,false,
attempt-00252-retain-u-bf16,correct_profile_memory_rejected,true,fac19b6e0e1dea22f7441f765233a14d4c673bf6,b1796308c9984124672025a2a70ec9d3e466070a,,,false,,,,,,,false,false,
attempt-00253-bf16-norms-half-prefix,correct_profile_memory_rejected,true,c2fb6cb30c4c704c72c2a7e48a642e019dd0e3eb,b1796308c9984124672025a2a70ec9d3e466070a,,,false,,,,,,,false,false,
attempt-00254-conv-block1024,checker_complete_profile_rejected,true,5b3957318dde535f2585e16c42f473bc7a8336c8,b1796308c9984124672025a2a70ec9d3e466070a,,,false,,,,,,,false,false,
attempt-00255-swap-retained-p-for-prefix,accepted,true,d55821c23ae0265f9f511e484ef464264ac670db,c2fb6cb30c4c704c72c2a7e48a642e019dd0e3eb,,,false,,,,,2.356130,,false,false,
attempt-00256-bf16-forward-wy-products,accepted,true,7a3835d,d55821c23ae0265f9f511e484ef464264ac670db,,,false,,,,,2.757510,,false,false,
attempt-00257-output-owned-whole-chunk-vjp,correct_profile_rejected,true,7476a6e2c0727917537d42e2c39a9b3ee3beb2b4,7a3835d,,,false,,,,,,,false,false,
attempt-00258-output-tile-local-vjp,correct_profile_rejected,true,915c2e7090573be16b2d4a867fd8e7345fe8445d,8b0beb9,,,false,,,,,,,false,false,
attempt-00259-output-tile-vjp-block512,correct_profile_rejected,true,88c9fcd5d41483bfe92c9e8fa6eaedb667ebce5e,915c2e7,,,false,,,,,,,false,false,
attempt-00260-register-accum-local-vjp,correct_profile_rejected,true,79e6955bb7ea196e55ee406256283d397b5c74ea,915c2e7,,,false,,,,,,,false,false,
attempt-00261-single-panel-local-vjp,correct_profile_rejected,true,8006b57d363f12e5dca456dec61b768a02bb0864,79e6955,,,false,,,,,,,false,false,
attempt-00262-direct-retained-at-publication,correct_profile_rejected,true,ab4fe7a4b40ce5c6f38f6953ec9ec064c2cdc497,7a3835d,,,false,,,,,,,false,false,
attempt-00263-cache-target-vjp-factors,resource_rejected,true,8bb67197280f30961c872f9ea5c407fc264efc29,79e6955,,,false,,,,,,,false,false,
attempt-00264-double-pair-build-solve,correct_profile_rejected,true,62ceefde3ee3864f654057cd4603940d964092cf,7a3835d,,,false,,,,,,,false,false,
attempt-00265-direct-publication-register-vjp,level2_absolute_rejected,true,e770da1fe0ba5bffae0d3cd24cd65e90fbe9c444,ab4fe7a,,,false,,,,,3.992646,,false,false,
attempt-00266-bf16-uw-direct-publication,accepted,true,7a07e5a36d6ff1dc9e7c60a84b7d6a94f385633e,ab4fe7a,,,false,,,,,5.316045,,false,false,
attempt-00267-fuse-full-qgkg-rebuild,correct_profile_rejected,true,d6b0dae97a34fbc86294324e422b39f2b2a028d7,7a3835d,,,false,,,,,,,false,false,
attempt-00268-bf16-uw-register-vjp,level2_absolute_rejected,true,6c8d3962fee953c5e25d13dca73f12df0b22574a,7a07e5a,,,false,,,,,5.452683,,false,false,
attempt-00270-bf16-uw-fused-qgkg,level2_absolute_rejected,true,43772e096a3db5a325ee4d5e392a5dc5d3491cb6,7a07e5a36d6ff1dc9e7c60a84b7d6a94f385633e,,,false,,,,,3.757261,,false,false,
attempt-00271-forward-cuda-graph,level2_absolute_rejected,true,9360c568575b71e0fe8b2df706e327a42f64856c,7a07e5a36d6ff1dc9e7c60a84b7d6a94f385633e,,,false,,,,,,,false,false,
attempt-00272-reverse-group-cuda-graph,level2_rejected,true,70784ba483f9dd129b20724e30176c089016c6de,7a07e5a36d6ff1dc9e7c60a84b7d6a94f385633e,,,false,,,,,,,false,false,
attempt-00273-stacked-cuda-graphs,profile_rejected,true,e6b5b6b787d43815c90bff2aca422cc205abb92d,9360c568575b71e0fe8b2df706e327a42f64856c,,,false,,,,,,,false,false,
attempt-00274-stacked-cuda-graphs-qgkg,level2_rejected,true,8ca0f692444f3bc71ae2b0b0505a5d81feda2090,9360c568575b71e0fe8b2df706e327a42f64856c,,,false,,,,,,,false,false,
attempt-00275-hot-key-cuda-graphs,level2_rejected,true,fa4fff83c02844f4e181624d90da435362a50e3c,9360c568575b71e0fe8b2df706e327a42f64856c,,,false,,,,,,,false,false,
attempt-00276-stacked-hot-cuda-graphs,level2_rejected,true,8d0c5784d0c58691ad67164ee7c89bde54534c1b,9360c568575b71e0fe8b2df706e327a42f64856c,,,false,,,,,,,false,false,
attempt-00277-fused-preprocess-build,profile_rejected,true,b56cfc6ad66bda699a14d48f00dabafbe7c16718,7a07e5a36d6ff1dc9e7c60a84b7d6a94f385633e,,,false,,,,,,,false,false,
attempt-00278-cuda-graph-key-diagnostic,diagnostic,true,cd187908ac8603c1b859afdb06b829098481d869,fa4fff83c02844f4e181624d90da435362a50e3c,,,false,,,,,,,false,false,
attempt-00279-interleave-groupu-pack,level2_absolute_rejected,true,b8794fc55319569f6d080da7ff9dc6f03b21349d,7a07e5a36d6ff1dc9e7c60a84b7d6a94f385633e,,,false,,,,,,,false,false,
attempt-00280-early-restored-k-publication,profile_retained_for_stack,true,49ec9bf9c168c45d04c18d8fb9e5fa7860488a6c,7a07e5a36d6ff1dc9e7c60a84b7d6a94f385633e,,,false,,,,,,,false,false,
attempt-00282-restored-k-interleaved-stack,level2_absolute_rejected,true,bec98a9c2f0a1ac3102b2b0adc94f5418c5639cb,49ec9bf9c168c45d04c18d8fb9e5fa7860488a6c,,,false,,,,,,,false,false,
attempt-00283-stacked-fused-preprocess-build,level2_rejected,true,0d35237f0c95452e30233401b40be37350127833,bec98a9c2f0a1ac3102b2b0adc94f5418c5639cb,,,false,,,,,,,false,false,
attempt-00284-retained-z-for-q,profile_rejected,true,77cf88fdb0e9c0b2310a920f29054fc4288d5e4a,49ec9bf9c168c45d04c18d8fb9e5fa7860488a6c,,,false,,,,,,,false,false,
attempt-00285-bf16-group-u-rebuild,level2_rejected,true,9447cd8d84c7f2189205d1e8d4e07e1e2d4ec09a,881d3ed8e373dc58858ff88af777131a095fbad2,,,false,,,,,,,false,false,
attempt-00286-interleave-finalize-parameters,profile_rejected,true,72e148b7caa51753c08445bec20a284f9dee0add,bec98a9c2f0a1ac3102b2b0adc94f5418c5639cb,,,false,,,,,,,false,false,
attempt-00287-cluster-complete-colored,resource_rejected,true,2487e6fd8163a12c1ea65fee5af440bdc1d2f0c4,bec98a9c2f0a1ac3102b2b0adc94f5418c5639cb,,,false,,,,,,,false,false,
attempt-00288-forward-zero-fill-producers,level2_rejected,true,bbdac9efa47a21cc1e440e74631ce625f00d98af,bec98a9c2f0a1ac3102b2b0adc94f5418c5639cb,,,false,,,,,,,false,false,
attempt-00289-backward-zero-fill-producers,level2_rejected,true,6cf94927d804a4256085e8e15b0a41e9562a9900,bec98a9c2f0a1ac3102b2b0adc94f5418c5639cb,,,false,,,,,,,false,false,
attempt-00290-reverse-group-typed-arena,level2_rejected,true,fce5268596fa2895db163265ab250c2309817e58,e29cea6b1b4eb100fab594303d534b734a33de8f,,,false,,,,,,,false,false,
attempt-00291-hoist-reverse-scratch,level2_rejected,true,d9300f99847912340c38740eb489687108336585,bec98a9c2f0a1ac3102b2b0adc94f5418c5639cb,,,false,,,,,,,false,false,
attempt-00292-host-wrapper-o3,level2_rejected,true,e01ba384d96c130e045c57f4db5a4bace01c6b9d,bec98a9c2f0a1ac3102b2b0adc94f5418c5639cb,,,false,,,,,,,false,false,
attempt-00293-cluster-launch-bounds,resource_rejected,true,27ff253d8f1e4ee6ee729917dd13321cf113ce2d,2487e6fd8163a12c1ea65fee5af440bdc1d2f0c4,,,false,,,,,,,false,false,
attempt-00294-one-warp-forward-state,profile_rejected,true,3f0c08e4bb9bdb417644c7d8d20c9877923ec1ac,bec98a9c2f0a1ac3102b2b0adc94f5418c5639cb,,,false,,,,,,,false,false,
attempt-00295-cluster-forward-state,invalid_runtime_rejected,true,4427700ae9cb57dab31a7d7bdca0d36c31322e0b,bec98a9c2f0a1ac3102b2b0adc94f5418c5639cb,,,false,,,,,,,false,false,
attempt-00296-drop-retained-q,level2_rejected_memory_pareto,true,79bc7f4c475ecd3102a874082a164bb89f9ffd41,bec98a9c2f0a1ac3102b2b0adc94f5418c5639cb,,,false,,,,,,,false,false,
attempt-00297-cache-build-left-panels,profile_rejected,true,8f9780d3534bf058489c212f83eaf32d77fd9295,bec98a9c2f0a1ac3102b2b0adc94f5418c5639cb,,,false,,,,,,,false,false,
attempt-00298-four-row-preprocess,profile_rejected,true,1593ca54e9ee9a4be2d377709b43ad858fdcd803,bec98a9c2f0a1ac3102b2b0adc94f5418c5639cb,,,false,,,,,,,false,false,
attempt-00299-shared-exp-ratio-preprocess,invalid_correctness,true,96df1f46fc8a7c7c30a395e1310ed8c9ad2a00e9,1593ca54e9ee9a4be2d377709b43ad858fdcd803,,,false,,,,,,,false,false,
attempt-00300-multiplicative-exp-preprocess,profile_rejected,true,84f277ba139171866ada6662f0e3723818c1b34f,1593ca54e9ee9a4be2d377709b43ad858fdcd803,,,false,,,,,,,false,false,
attempt-00301-eight-row-preprocess,level2_rejected,true,17474989831a1a40b986e8816bc03a5fdc53d01e,1593ca54e9ee9a4be2d377709b43ad858fdcd803,,,false,,,,,,,false,false,
attempt-00302-decomposed-exact-preprocess,profile_rejected,true,6f8bc5769c8f60e8e470a66e57795d39e1b3f8be,bec98a9c2f0a1ac3102b2b0adc94f5418c5639cb,,,false,,,,,,,false,false,
attempt-00303-pipelined-unit-lower-solve,profile_rejected,true,84a3e4fe7bb7b96924eccc676f35c2ca9ff9071d,17474989831a1a40b986e8816bc03a5fdc53d01e,,,false,,,,,,,false,false,
attempt-00304-conv-forward-3d-grid,profile_retained_for_stack,true,b3cf27507ac036352f25fa5e54e1164241c15a0a,bec98a9c2f0a1ac3102b2b0adc94f5418c5639cb,,,false,,,,,,,false,false,
attempt-00305-build-block128,profile_rejected,true,861f49c88f83b98530e123fc26890915d6eae97f,17474989831a1a40b986e8816bc03a5fdc53d01e,,,false,,,,,,,false,false,
attempt-00306-conv-forward-time4,profile_retained_for_stack,true,6a67021fa57c0160926dfc81882edf555aa49c09,b3cf27507ac036352f25fa5e54e1164241c15a0a,,,false,,,,,,,false,false,
attempt-00307-conv-forward-time8,profile_rejected,true,980e1df523da9e3fcb21cd394c3a44fc369ce79b,6a67021fa57c0160926dfc81882edf555aa49c09,,,false,,,,,,,false,false,
attempt-00308-preprocess-conv-stack,level2_rejected,true,f9e5b503291ef606163939dc9a80d66a5a69b2f5,17474989831a1a40b986e8816bc03a5fdc53d01e,,,false,,,,43145,,,false,false,
attempt-00309-split-forward-output-values,profile_rejected,true,caea7dfc16e70fed70c548dcccae31fe68e2ee50,17474989831a1a40b986e8816bc03a5fdc53d01e,,,false,,,,,,,false,false,
attempt-00310-warp-group-dd,profile_retained_for_stack,true,22236c6955b180195de8875a90a9cf8beb003d99,f9e5b503291ef606163939dc9a80d66a5a69b2f5,,,false,,,,,,,false,false,
attempt-00311-warp-finalize-norm,profile_retained_for_stack,true,7ba8d610abb135378087829c1bcb141b08c7c588,22236c6955b180195de8875a90a9cf8beb003d99,,,true,,,,,,,false,false,
attempt-00312-sixteen-row-preprocess,profile_rejected,true,b091545529d5a4cf427b2d8c0366ad45a77a297f,17474989831a1a40b986e8816bc03a5fdc53d01e,,,false,,,,,,,false,false,
attempt-00313-parallel-pair-build,profile_rejected,true,f0dd0859be85351c265eeb11da29906f78097d0c,f9e5b503291ef606163939dc9a80d66a5a69b2f5,,,false,,,,,,,false,false,
attempt-00314-parallel-preprocess-publication,profile_rejected,true,919d807354415d87d4310524a8bc20fe2d59fc95,f9e5b503291ef606163939dc9a80d66a5a69b2f5,,,false,,,,,,,false,false,
attempt-00315-skip-guaranteed-underflow-exp,profile_rejected,true,fba9cc4723970a43fe46b1463901582fa57759da,f9e5b503291ef606163939dc9a80d66a5a69b2f5,,,false,,,,,,,false,false,
attempt-00316-skip-ftz-exp,profile_rejected,true,f903bcc614b2f9e0f50317dcc6d2b97085171f53,fba9cc4723970a43fe46b1463901582fa57759da,,,false,,,,,,,false,false,
attempt-00317-branchless-sigmoid,profile_rejected,true,071684ab53d472aa5830d478eac535c57bffea5d,f9e5b503291ef606163939dc9a80d66a5a69b2f5,,,true,,,,,,,false,false,
attempt-00318-compact-decay-recurrence,profile_rejected,true,eacf4da553d4bd8e818a487de9d9dfbd3557f5f6,f9e5b503291ef606163939dc9a80d66a5a69b2f5,,,false,,,,,,,false,false,
attempt-00319-bf16-forward-normalized,correctness_rejected,true,b5cbca573df7ad566309930095dd5977139137f9,f9e5b503291ef606163939dc9a80d66a5a69b2f5,,,true,,,,,,,false,false,
attempt-00320-bf16-forward-qbar,profile_correctness_rejected,true,9bb67b9bcfc719e7779b74bc7f6a8c2254cadfbb,f9e5b503291ef606163939dc9a80d66a5a69b2f5,,,false,,,,,,,false,false,
attempt-00321-fp16-forward-qbar,level2_rejected,true,fbc781f0fe62c0a775e3981a812035a1203cce60,f9e5b503291ef606163939dc9a80d66a5a69b2f5,,,false,,,,,,,false,false,
attempt-00322-fp16-forward-normalized,level2_rejected,true,d34467c0190bc8facb77119be767bb04d11ed117,f9e5b503291ef606163939dc9a80d66a5a69b2f5,,,false,,,,,,,false,false,
attempt-00323-fused-shared-preprocess-build,profile_rejected,true,9997821ebb685e10feb69ac4e4a53dabdaeec181,f9e5b503291ef606163939dc9a80d66a5a69b2f5,,,true,,,,,,,false,false,
attempt-00324-implicit-m-solve-diagnostic,forward_diagnostic_profile_rejected,true,d582905eac2e44431571d8d2caaadca905c2e436,f9e5b503291ef606163939dc9a80d66a5a69b2f5,,,true,,,,,,,false,false,
attempt-00325-fused-best-stack,fixed_target_rejected_current_fla_parity,true,ee35928b61578dc383dad012628df40ee5db743d,9997821ebb685e10feb69ac4e4a53dabdaeec181,,,true,,,,43572,,,false,false,
attempt-00326-conv-dweight-fourlane,profile_rejected,true,9e7908123469fd7260629f844e192844387991f8,ee35928b61578dc383dad012628df40ee5db743d,,,true,,,,,,,false,false,
attempt-00327-conv-dweight-pair,profile_rejected,true,e48247ba4ad0c0aa4a3bde64ca5a307858e783cb,ee35928b61578dc383dad012628df40ee5db743d,,,true,,,,,,,false,false,
attempt-00328-full-trainer-launch-attribution,profile_diagnostic_excess_project_launch_count,true,,ee35928b61578dc383dad012628df40ee5db743d,,runs/kda-cuda-development/attempt-00328-full-trainer-attribution,false,,,,,,,false,false,
attempt-00329-two-group-post-boundary-tail,bitwise_correct_profile_rejected,true,c929f3173a4b9d8dd85f7d73a62d4ce22f609672,ee35928b61578dc383dad012628df40ee5db743d,,runs/kda-cuda-development/attempt-00329-raw-evidence,true,,,,,,false,false,false,Retain attempt325. Adjacent-group batching removes 40 launches but widened tensor-core grids and deferred cache locality regress complete/colored work; do not extend full tail batching.
attempt-00330-two-boundary-minimal-tail,bitwise_correct_profile_rejected,true,cfaafc8b1ab580e6a29b4d290edb8cb74ba97e70,ee35928b61578dc383dad012628df40ee5db743d,,runs/kda-cuda-development/attempt-00330-raw-evidence,true,,,,,,false,false,false,Retain attempt325. Even minimal two-boundary deferral loses complete-kernel cache locality and regresses despite eight fewer launches; close adjacent-boundary deferral.
attempt-00331-colored-target-factor-cache,exact_profile_rejected_with_invalid_approximate_variants,true,a8c9eef3a68c4f6b2bf4333ab57d9f9e7c846c1d,ee35928b61578dc383dad012628df40ee5db743d,,runs/kda-cuda-development/attempt-00331-raw-evidence,true,,,,,,false,false,false,"Retain attempt325. FP16 factors overflow, BF16 factors violate gradient precision, and the exact FP32 target-only cache is neutral/regressive; do not cache colored decay factors."
attempt-00332-convolution-shared-input-halo,bitwise_correct_micro_improvement_trainer_rejected,true,23d23389772eded0f37d2d79f7c6005059d710fa,ee35928b61578dc383dad012628df40ee5db743d,,runs/kda-cuda-development/attempt-00332-raw-evidence,true,,,,,,,false,false,"Retain attempt325. Shared input halo is exact and improves isolated convolution backward, but full trainer is neutral/regressive and remains 258 tok/s below target."
attempt-00333-complete-reuse-exp-g,bitwise_exact_profile_rejected,true,b340cd46b99e34baf9e4794ab246228c3de47050,ee35928b61578dc383dad012628df40ee5db743d,,runs/kda-cuda-development/attempt-00333-raw-evidence,true,,,,,,false,false,false,Retain attempt325. Reusing the dead dR shared plane for exp(g) is exact but adds a shared RAW path and consistently regresses complete; recomputation is cheaper.
attempt-00334-complete-prefer-l1-carveout,bitwise_exact_profile_rejected,true,846f7f8,ee35928b61578dc383dad012628df40ee5db743d,,runs/kda-cuda-development/attempt-00334-raw-evidence,true,,,,,,false,false,false,Retain attempt325. Max-L1 carveout gives only a tiny complete-local movement while whole operator regresses; no trainer.
attempt-00335-compact-retain-qkp,correct_profile_gain_trainer_below_fixed_target_not_accepted,true,d8f0a7456015ce3fb33610f71993d1e0adcf916c,ee35928b61578dc383dad012628df40ee5db743d,,runs/kda-cuda-development/attempt-00335-raw-evidence,true,,,,43572,0.560800,,false,false,"Useful exact low-memory scaffold with a matched trainer gain, but not accepted because its median remains 108 tok/s below the fixed target."
attempt-00336-boundary-consumer-factor-elision,bitwise_exact_resource_profile_rejected,true,9196c4dff608bdfa9961e1f98d2339376e2b506d,ee35928b61578dc383dad012628df40ee5db743d,,runs/kda-cuda-development/attempt-00336-raw-evidence,true,,,,,,false,false,false,Reject consumer recomputation: doubled kg exponent work and serialized U production outweigh eight removed launches and global factor surfaces.
attempt-00337-boundary-async-do-panel,bitwise_exact_profile_rejected,true,c57fac28103d0d41af038c927915a9d98195222c,ee35928b61578dc383dad012628df40ee5db743d,,runs/kda-cuda-development/attempt-00337-raw-evidence,true,,,,,,false,false,false,Reject group-resident dO staging; 16 KiB async shared traffic and synchronization make the fused consumer 10.03% slower.
attempt-00338-group-major-retained-norms,bitwise_exact_positive_profile_subthreshold,true,19625dfc639264ef5c6ee38f8d42a1cc0eab22e5,d8f0a7456015ce3fb33610f71993d1e0adcf916c,,runs/kda-cuda-development/attempt-00338-raw-evidence,true,,,,,,false,false,false,"Exact and faster in all profile pairs, but below the declared 0.04-ms whole gate; no trainer. May serve only as a locality diagnostic atop attempt335."
attempt-00339-group-major-interleaved-qk,bitwise_exact_profile_rejected,true,dbd1d51c75ee53dcafa0d685cb88e08d61b84594,19625dfc639264ef5c6ee38f8d42a1cc0eab22e5,,runs/kda-cuda-development/attempt-00339-raw-evidence,true,,,,,,false,false,false,Reject interleaving. Fewer paired load/store instructions do not reduce traffic and raise pack/complete registers; whole movement is neutral/regressive.
attempt-00340-pdl-complete-color0,bitwise_exact_profile_rejected,true,70c111dc2af6f23a451f22d239fe411fd1e11896,19625dfc639264ef5c6ee38f8d42a1cc0eab22e5,,runs/kda-cuda-development/attempt-00340-raw-evidence,true,,,,,,false,false,false,PDL removes the launch gap but does not reduce whole time; reject and keep ordinary same-stream launches.
attempt-00341-vector-retained-publication,bitwise_exact_profile_rejected,true,2f8558472f8f5d0d5ce1b9cfb2d4281032017746,19625dfc639264ef5c6ee38f8d42a1cc0eab22e5,,runs/kda-cuda-development/attempt-00341-raw-evidence,true,,,,,,false,false,false,Reject vectorized publication; shuffles/even-lane stores are mixed and do not move the producer locally.
attempt-00342-profile-symbol-compatible-promotion,audited_accepted_fixed_target_exceeded,true,a237205ccfb2c8b0575407c0e6575094b70f65d6,19625dfc639264ef5c6ee38f8d42a1cc0eab22e5,,runs/kda-cuda-development/attempt-00342-raw-evidence,true,advance,15.482445,42671,43840,2.739566,,,true,Accept attempt342 as the project-owned CUDA target-matching candidate. Preserve attempt266 as the prior accepted baseline and attempt338 as the performance-bearing parent; no private confirmation seeds were inspected.
